,School_ID,Wards,crime_capita,crime_class,Year,Attendance,Network
21,609715,1,0.0975272727272727,Medium,2013,90.725,Network 16
23,610357,1,0.0975272727272727,Medium,2013,90.3,Network 16
26,400135,1,0.0975272727272727,Medium,2013,74.975,Options
39,609715,1,0.0846545454545454,Medium,2014,92.5,Network 16
41,610357,1,0.0846545454545454,Medium,2014,89.65,Network 16
44,400135,1,0.0846545454545454,Medium,2014,78.73333333333333,Options
57,609715,1,0.0828545454545454,Medium,2015,91.55,Network 16
59,610357,1,0.0828545454545454,Medium,2015,85.875,Network 16
62,400135,1,0.0828545454545454,Medium,2015,78.06666666666666,Options
75,609715,1,0.0956363636363636,Medium,2016,90.35,Network 16
77,610357,1,0.0956363636363636,Medium,2016,90.1,Network 16
80,400135,1,0.0956363636363636,Medium,2016,69.53333333333333,Options
93,609715,1,0.0977090909090909,Medium,2017,89.025,Network 16
95,610357,1,0.0977090909090909,Medium,2017,85.85,Network 16
98,400135,1,0.0977090909090909,Medium,2017,57.975,Options
111,609715,1,0.0880181818181818,Medium,2018,90.7,Network 16
113,610357,1,0.0880181818181818,Medium,2018,88.675,Network 16
116,400135,1,0.0880181818181818,Medium,2018,65.425,Options
129,609715,1,0.0876,Medium,2019,89.375,Network 16
131,610357,1,0.0876,Medium,2019,82.975,Network 16
134,400135,1,0.0876,Medium,2019,67.56666666666666,Options
165,609715,1,0.0611818181818181,Medium,2021,77.8,Network 16
167,610357,1,0.0611818181818181,Medium,2021,60.15,Network 16
170,400135,1,0.0611818181818181,Medium,2021,56.03333333333333,Options
183,609715,1,0.0803818181818181,Medium,2022,78.5,Network 16
185,610357,1,0.0803818181818181,Medium,2022,64.575,Network 16
188,400135,1,0.0803818181818181,Medium,2022,63.46666666666667,Options
256,610570,2,0.1941636363636363,High,2015,52.75,Options
271,610570,2,0.2064,High,2016,55.2,Options
286,610570,2,0.2083272727272727,High,2017,56.125,Options
301,610570,2,0.1834,High,2018,58.650000000000006,Options
316,610570,2,0.0958909090909091,Medium,2019,54.975,Options
346,610570,2,0.0634909090909091,Medium,2021,51.0,Options
361,610570,2,0.0683090909090909,Medium,2022,38.125,Options
381,610391,3,0.1516727272727272,High,2013,91.975,Network 16
383,609709,3,0.1516727272727272,High,2013,77.32499999999999,Network 16
393,610563,3,0.1327454545454545,High,2014,95.8,ISP
394,610391,3,0.1327454545454545,High,2014,92.55,Network 16
396,609709,3,0.1327454545454545,High,2014,79.65,Network 16
406,610563,3,0.1217818181818181,High,2015,96.6,ISP
407,610391,3,0.1217818181818181,High,2015,92.25,Network 16
409,609709,3,0.1217818181818181,High,2015,85.1,Network 16
417,400167,3,0.1281090909090909,High,2016,98.4,Charter
419,610563,3,0.1281090909090909,High,2016,95.96666666666664,ISP
420,610391,3,0.1281090909090909,High,2016,92.15,Network 16
422,609709,3,0.1281090909090909,High,2016,90.525,Network 16
430,400167,3,0.1290181818181818,High,2017,92.5,Charter
432,610563,3,0.1290181818181818,High,2017,94.0,ISP
433,610391,3,0.1290181818181818,High,2017,90.6,Network 16
435,609709,3,0.1290181818181818,High,2017,91.6,Network 16
443,400167,3,0.1275636363636363,High,2018,94.06666666666666,Charter
445,610563,3,0.1275636363636363,High,2018,93.25,ISP
446,610391,3,0.1275636363636363,High,2018,90.725,Network 16
448,609709,3,0.1275636363636363,High,2018,90.625,Network 16
456,400167,3,0.1346363636363636,High,2019,93.925,Charter
458,610563,3,0.1346363636363636,High,2019,91.35,ISP
459,610391,3,0.1346363636363636,High,2019,90.5,Network 16
461,609709,3,0.1346363636363636,High,2019,88.6,Network 16
482,400167,3,0.112490909090909,Medium,2021,94.6,Charter
484,610563,3,0.112490909090909,Medium,2021,86.9,ISP
485,610391,3,0.112490909090909,Medium,2021,86.35,Network 16
487,609709,3,0.112490909090909,Medium,2021,73.3,Network 16
495,400167,3,0.1347636363636363,High,2022,92.5,Charter
497,610563,3,0.1347636363636363,High,2022,84.35,ISP
498,610391,3,0.1347636363636363,High,2022,86.9,Network 16
500,609709,3,0.1347636363636363,High,2022,82.075,Network 16
527,609682,4,0.0893818181818181,Medium,2013,79.65,Network 16
533,400086,4,0.0893818181818181,Medium,2013,94.475,Charter
537,400077,4,0.0893818181818181,Medium,2013,96.025,Charter
542,400129,4,0.0893818181818181,Medium,2013,79.63333333333334,Options
545,610386,4,0.0893818181818181,Medium,2013,87.26666666666667,ISP
546,400106,4,0.0893818181818181,Medium,2013,91.66666666666669,Charter
548,609682,4,0.0838545454545454,Medium,2014,84.025,Network 16
554,400086,4,0.0838545454545454,Medium,2014,94.2,Charter
558,400077,4,0.0838545454545454,Medium,2014,95.8,Charter
563,400129,4,0.0838545454545454,Medium,2014,74.56666666666666,Options
566,610386,4,0.0838545454545454,Medium,2014,87.26666666666667,ISP
567,400106,4,0.0838545454545454,Medium,2014,93.625,Charter
569,609682,4,0.0838181818181818,Medium,2015,84.425,Network 16
575,400086,4,0.0838181818181818,Medium,2015,94.5,Charter
579,400077,4,0.0838181818181818,Medium,2015,95.55,Charter
584,400129,4,0.0838181818181818,Medium,2015,75.53333333333333,Options
587,610386,4,0.0838181818181818,Medium,2015,86.2,ISP
588,400106,4,0.0838181818181818,Medium,2015,92.475,Charter
590,609682,4,0.0918,Medium,2016,77.6,Network 16
596,400086,4,0.0918,Medium,2016,92.25,Charter
600,400077,4,0.0918,Medium,2016,92.925,Charter
605,400129,4,0.0918,Medium,2016,62.4,Options
608,610386,4,0.0918,Medium,2016,86.56666666666666,ISP
609,400106,4,0.0918,Medium,2016,91.225,Charter
611,609682,4,0.094290909090909,Medium,2017,76.675,Network 16
617,400086,4,0.094290909090909,Medium,2017,91.375,Charter
620,400029,4,0.094290909090909,Medium,2017,76.9,Charter
621,400077,4,0.094290909090909,Medium,2017,92.85,Charter
626,400129,4,0.094290909090909,Medium,2017,54.925,Options
629,610386,4,0.094290909090909,Medium,2017,82.25,ISP
630,400106,4,0.094290909090909,Medium,2017,88.15,Charter
632,609682,4,0.1014,Medium,2018,77.6,Network 16
638,400086,4,0.1014,Medium,2018,90.425,Charter
642,400077,4,0.1014,Medium,2018,93.375,Charter
647,400129,4,0.1014,Medium,2018,59.0,Options
650,610386,4,0.1014,Medium,2018,84.925,ISP
651,400106,4,0.1014,Medium,2018,86.675,Charter
653,609682,4,0.1268181818181818,High,2019,78.575,Network 16
659,400086,4,0.1268181818181818,High,2019,93.625,Charter
663,400077,4,0.1268181818181818,High,2019,92.55,Charter
668,400129,4,0.1268181818181818,High,2019,60.53333333333333,Options
671,610386,4,0.1268181818181818,High,2019,85.39999999999999,ISP
672,400106,4,0.1268181818181818,High,2019,88.35,Charter
695,609682,4,0.103290909090909,Medium,2021,66.925,Network 16
701,400086,4,0.103290909090909,Medium,2021,79.95,Charter
705,400077,4,0.103290909090909,Medium,2021,85.625,Charter
710,400129,4,0.103290909090909,Medium,2021,72.46666666666667,Options
713,610386,4,0.103290909090909,Medium,2021,74.03333333333335,ISP
714,400106,4,0.103290909090909,Medium,2021,63.15,Charter
716,609682,4,0.1417090909090909,High,2022,74.7,Network 16
722,400086,4,0.1417090909090909,High,2022,89.9,Charter
726,400077,4,0.1417090909090909,High,2022,82.975,Charter
731,400129,4,0.1417090909090909,High,2022,63.5,Options
734,610386,4,0.1417090909090909,High,2022,78.10000000000001,ISP
735,400106,4,0.1417090909090909,High,2022,76.5,Charter
749,609733,5,0.1404545454545454,High,2013,80.6,Network 14
751,400035,5,0.1404545454545454,High,2013,94.375,Charter
756,400121,5,0.1182,High,2014,93.0,Charter
757,609733,5,0.1182,High,2014,85.225,Network 14
759,400035,5,0.1182,High,2014,95.95,Charter
764,400121,5,0.1151272727272727,High,2015,94.7,Charter
765,609733,5,0.1151272727272727,High,2015,89.375,Network 14
767,400035,5,0.1151272727272727,High,2015,96.425,Charter
772,400121,5,0.1092,Medium,2016,94.36666666666667,Charter
773,609733,5,0.1092,Medium,2016,86.775,Network 14
775,400035,5,0.1092,Medium,2016,95.95,Charter
780,400121,5,0.1131090909090909,Medium,2017,93.625,Charter
781,609733,5,0.1131090909090909,Medium,2017,86.17500000000001,Network 14
783,400035,5,0.1131090909090909,Medium,2017,94.9,Charter
788,400121,5,0.1152727272727272,High,2018,93.825,Charter
789,609733,5,0.1152727272727272,High,2018,83.95,Network 14
791,400035,5,0.1152727272727272,High,2018,95.575,Charter
796,400121,5,0.1077272727272727,Medium,2019,92.0,Charter
797,609733,5,0.1077272727272727,Medium,2019,85.35,Network 14
799,400035,5,0.1077272727272727,Medium,2019,94.8,Charter
812,400121,5,0.0963818181818181,Medium,2021,85.9,Charter
813,609733,5,0.0963818181818181,Medium,2021,74.6,Network 14
815,400035,5,0.0963818181818181,Medium,2021,96.75,Charter
820,400121,5,0.1116,Medium,2022,82.375,Charter
821,609733,5,0.1116,Medium,2022,77.8,Network 14
823,400035,5,0.1116,Medium,2022,92.175,Charter
839,609741,6,0.1907636363636363,High,2013,90.95,Network 16
848,609741,6,0.1602181818181818,High,2014,91.675,Network 16
857,609741,6,0.1626181818181818,High,2015,91.875,Network 16
866,609741,6,0.1582909090909091,High,2016,91.5,Network 16
875,609741,6,0.1563454545454545,High,2017,89.825,Network 16
877,400179,6,0.1563454545454545,High,2017,91.7,Charter
884,609741,6,0.1614909090909091,High,2018,90.175,Network 16
886,400179,6,0.1614909090909091,High,2018,95.25,Charter
893,609741,6,0.1776727272727272,High,2019,90.05,Network 16
895,400179,6,0.1776727272727272,High,2019,94.9,Charter
911,609741,6,0.1460909090909091,High,2021,87.95,Network 16
913,400179,6,0.1460909090909091,High,2021,81.475,Charter
920,609741,6,0.1551090909090909,High,2022,80.45,Network 16
922,400179,6,0.1551090909090909,High,2022,86.425,Charter
945,610244,7,0.1497454545454545,High,2013,89.85,ISP
958,610244,7,0.1420727272727272,High,2014,91.125,ISP
971,610244,7,0.1380363636363636,High,2015,90.7,ISP
984,610244,7,0.1254181818181818,High,2016,92.3,ISP
997,610244,7,0.1250545454545454,High,2017,92.825,ISP
1010,610244,7,0.1265272727272727,High,2018,91.325,ISP
1023,610244,7,0.1372545454545454,High,2019,89.775,ISP
1049,610244,7,0.1158545454545454,High,2021,71.25,ISP
1062,610244,7,0.1369454545454545,High,2022,70.925,ISP
1090,400085,8,0.1574363636363636,High,2013,97.075,Charter
1091,609756,8,0.1574363636363636,High,2013,87.925,Network 15
1096,610543,8,0.1574363636363636,High,2013,91.7,AUSL
1110,400085,8,0.1451272727272727,High,2014,95.025,Charter
1111,609756,8,0.1451272727272727,High,2014,89.8,Network 15
1116,610543,8,0.1451272727272727,High,2014,93.175,AUSL
1120,400149,8,0.1451272727272727,High,2014,95.6,Charter
1130,400085,8,0.1312,High,2015,93.4,Charter
1131,609756,8,0.1312,High,2015,87.525,Network 15
1132,400173,8,0.1312,High,2015,87.475,Options
1136,610543,8,0.1312,High,2015,93.725,AUSL
1140,400149,8,0.1312,High,2015,95.7,Charter
1150,400085,8,0.1306727272727272,High,2016,93.4,Charter
1151,609756,8,0.1306727272727272,High,2016,87.95,Network 15
1152,400173,8,0.1306727272727272,High,2016,45.35,Options
1156,610543,8,0.1306727272727272,High,2016,94.45,AUSL
1160,400149,8,0.1306727272727272,High,2016,94.23333333333332,Charter
1170,400085,8,0.1282545454545454,High,2017,94.6,Charter
1171,609756,8,0.1282545454545454,High,2017,87.825,Network 15
1172,400173,8,0.1282545454545454,High,2017,43.575,Options
1176,610543,8,0.1282545454545454,High,2017,94.1,AUSL
1180,400149,8,0.1282545454545454,High,2017,90.05,Charter
1190,400085,8,0.1299454545454545,High,2018,93.25,Charter
1191,609756,8,0.1299454545454545,High,2018,88.275,Network 15
1192,400173,8,0.1299454545454545,High,2018,68.75,Options
1196,610543,8,0.1299454545454545,High,2018,93.975,AUSL
1200,400149,8,0.1299454545454545,High,2018,87.525,Charter
1210,400085,8,0.1483636363636363,High,2019,90.55,Charter
1211,609756,8,0.1483636363636363,High,2019,86.825,Network 15
1212,400173,8,0.1483636363636363,High,2019,75.8,Options
1216,610543,8,0.1483636363636363,High,2019,94.1,AUSL
1220,400149,8,0.1483636363636363,High,2019,87.975,Charter
1250,400085,8,0.1284727272727272,High,2021,81.85,Charter
1251,609756,8,0.1284727272727272,High,2021,82.875,Network 15
1252,400173,8,0.1284727272727272,High,2021,73.47500000000001,Options
1256,610543,8,0.1284727272727272,High,2021,83.625,AUSL
1260,400149,8,0.1284727272727272,High,2021,86.025,Charter
1270,400085,8,0.1341272727272727,High,2022,81.0,Charter
1271,609756,8,0.1341272727272727,High,2022,78.425,Network 15
1272,400173,8,0.1341272727272727,High,2022,57.275,Options
1276,610543,8,0.1341272727272727,High,2022,87.575,AUSL
1280,400149,8,0.1341272727272727,High,2022,82.375,Charter
1311,400064,9,0.142490909090909,High,2013,98.4,Charter
1312,610380,9,0.142490909090909,High,2013,89.325,Network 17
1313,609769,9,0.142490909090909,High,2013,88.975,Network 14
1316,610381,9,0.142490909090909,High,2013,88.05,Network 17
1317,609727,9,0.142490909090909,High,2013,78.175,AUSL
1319,400066,9,0.142490909090909,High,2013,97.35,Charter
1322,400124,9,0.142490909090909,High,2013,75.86666666666666,Options
1323,609754,9,0.142490909090909,High,2013,89.75,Network 17
1324,400145,9,0.142490909090909,High,2013,72.66666666666667,Options
1331,400064,9,0.1312363636363636,High,2014,96.825,Charter
1332,610380,9,0.1312363636363636,High,2014,88.525,Network 17
1333,609769,9,0.1312363636363636,High,2014,88.65,Network 14
1336,610381,9,0.1312363636363636,High,2014,86.32499999999999,Network 17
1337,609727,9,0.1312363636363636,High,2014,83.0,AUSL
1339,400066,9,0.1312363636363636,High,2014,92.925,Charter
1342,400124,9,0.1312363636363636,High,2014,79.06666666666666,Options
1343,609754,9,0.1312363636363636,High,2014,89.525,Network 17
1344,400145,9,0.1312363636363636,High,2014,59.875,Options
1351,400064,9,0.1198727272727272,High,2015,95.55,Charter
1352,610380,9,0.1198727272727272,High,2015,90.0,Network 17
1353,609769,9,0.1198727272727272,High,2015,87.525,Network 14
1356,610381,9,0.1198727272727272,High,2015,87.75,Network 17
1357,609727,9,0.1198727272727272,High,2015,75.775,AUSL
1359,400066,9,0.1198727272727272,High,2015,92.225,Charter
1362,400124,9,0.1198727272727272,High,2015,79.26666666666667,Options
1363,609754,9,0.1198727272727272,High,2015,89.15,Network 17
1364,400145,9,0.1198727272727272,High,2015,66.3,Options
1371,400064,9,0.1252545454545454,High,2016,94.325,Charter
1372,610380,9,0.1252545454545454,High,2016,88.475,Network 17
1373,609769,9,0.1252545454545454,High,2016,89.23333333333333,Network 14
1376,610381,9,0.1252545454545454,High,2016,87.4,Network 17
1377,609727,9,0.1252545454545454,High,2016,81.2,AUSL
1379,400066,9,0.1252545454545454,High,2016,92.2,Charter
1382,400124,9,0.1252545454545454,High,2016,73.0,Options
1383,609754,9,0.1252545454545454,High,2016,93.125,Network 17
1384,400145,9,0.1252545454545454,High,2016,64.0,Options
1391,400064,9,0.1275090909090909,High,2017,92.425,Charter
1392,610380,9,0.1275090909090909,High,2017,86.9,Network 17
1393,609769,9,0.1275090909090909,High,2017,81.0,Network 14
1396,610381,9,0.1275090909090909,High,2017,88.9,Network 17
1397,609727,9,0.1275090909090909,High,2017,80.25,AUSL
1399,400066,9,0.1275090909090909,High,2017,89.25,Charter
1402,400124,9,0.1275090909090909,High,2017,61.025000000000006,Options
1403,609754,9,0.1275090909090909,High,2017,91.65,Network 17
1404,400145,9,0.1275090909090909,High,2017,62.875,Options
1411,400064,9,0.1339636363636363,High,2018,92.75,Charter
1412,610380,9,0.1339636363636363,High,2018,86.425,Network 17
1413,609769,9,0.1339636363636363,High,2018,76.35,Network 14
1416,610381,9,0.1339636363636363,High,2018,82.6,Network 17
1417,609727,9,0.1339636363636363,High,2018,83.225,AUSL
1419,400066,9,0.1339636363636363,High,2018,89.9,Charter
1422,400124,9,0.1339636363636363,High,2018,59.35,Options
1423,609754,9,0.1339636363636363,High,2018,92.05,Network 17
1424,400145,9,0.1339636363636363,High,2018,62.45,Options
1431,400064,9,0.1434,High,2019,93.65,Charter
1432,610380,9,0.1434,High,2019,84.35,Network 17
1433,609769,9,0.1434,High,2019,87.3,Network 14
1436,610381,9,0.1434,High,2019,84.65,Network 17
1437,609727,9,0.1434,High,2019,81.4,AUSL
1439,400066,9,0.1434,High,2019,89.2,Charter
1442,400124,9,0.1434,High,2019,65.26666666666667,Options
1443,609754,9,0.1434,High,2019,89.675,Network 17
1444,400145,9,0.1434,High,2019,56.9,Options
1471,400064,9,0.1165818181818181,High,2021,78.325,Charter
1472,610380,9,0.1165818181818181,High,2021,79.925,Network 17
1473,609769,9,0.1165818181818181,High,2021,82.5,Network 14
1476,610381,9,0.1165818181818181,High,2021,84.075,Network 17
1477,609727,9,0.1165818181818181,High,2021,58.575,AUSL
1479,400066,9,0.1165818181818181,High,2021,70.5,Charter
1482,400124,9,0.1165818181818181,High,2021,71.3,Options
1483,609754,9,0.1165818181818181,High,2021,84.0,Network 17
1484,400145,9,0.1165818181818181,High,2021,35.06666666666667,Options
1491,400064,9,0.1226,High,2022,80.07499999999999,Charter
1492,610380,9,0.1226,High,2022,82.125,Network 17
1493,609769,9,0.1226,High,2022,81.0,Network 14
1496,610381,9,0.1226,High,2022,84.925,Network 17
1497,609727,9,0.1226,High,2022,61.075,AUSL
1499,400066,9,0.1226,High,2022,76.7,Charter
1502,400124,9,0.1226,High,2022,68.5,Options
1503,609754,9,0.1226,High,2022,81.0,Network 17
1504,400145,9,0.1226,High,2022,58.96666666666667,Options
1527,609676,10,0.0995636363636363,Medium,2013,82.125,Network 17
1533,400137,10,0.0995636363636363,Medium,2013,78.0,Options
1534,400105,10,0.0995636363636363,Medium,2013,96.33333333333331,Charter
1535,609751,10,0.0995636363636363,Medium,2013,89.15,Network 17
1537,609678,10,0.0995636363636363,Medium,2013,93.625,ISP
1539,609746,10,0.0995636363636363,Medium,2013,88.05,Network 17
1544,609676,10,0.0918181818181818,Medium,2014,89.25,Network 17
1550,400137,10,0.0918181818181818,Medium,2014,69.225,Options
1551,400105,10,0.0918181818181818,Medium,2014,92.925,Charter
1552,609751,10,0.0918181818181818,Medium,2014,92.05,Network 17
1554,609678,10,0.0918181818181818,Medium,2014,93.325,ISP
1556,609746,10,0.0918181818181818,Medium,2014,90.625,Network 17
1561,609676,10,0.0849818181818181,Medium,2015,80.8,Network 17
1567,400137,10,0.0849818181818181,Medium,2015,81.5,Options
1568,400105,10,0.0849818181818181,Medium,2015,90.475,Charter
1569,609751,10,0.0849818181818181,Medium,2015,93.025,Network 17
1571,609678,10,0.0849818181818181,Medium,2015,92.875,ISP
1573,609746,10,0.0849818181818181,Medium,2015,90.8,Network 17
1578,609676,10,0.0825454545454545,Medium,2016,85.375,Network 17
1584,400137,10,0.0825454545454545,Medium,2016,67.025,Options
1585,400105,10,0.0825454545454545,Medium,2016,91.175,Charter
1586,609751,10,0.0825454545454545,Medium,2016,92.95,Network 17
1588,609678,10,0.0825454545454545,Medium,2016,92.725,ISP
1590,609746,10,0.0825454545454545,Medium,2016,92.425,Network 17
1595,609676,10,0.0803636363636363,Medium,2017,84.5,Network 17
1596,610587,10,0.0803636363636363,Medium,2017,92.5,Network 17
1601,400137,10,0.0803636363636363,Medium,2017,77.0,Options
1602,400105,10,0.0803636363636363,Medium,2017,91.875,Charter
1603,609751,10,0.0803636363636363,Medium,2017,91.3,Network 17
1605,609678,10,0.0803636363636363,Medium,2017,92.4,ISP
1607,609746,10,0.0803636363636363,Medium,2017,92.175,Network 17
1612,609676,10,0.0747636363636363,Medium,2018,85.125,Network 17
1613,610587,10,0.0747636363636363,Medium,2018,92.0,Network 17
1618,400137,10,0.0747636363636363,Medium,2018,80.3,Options
1619,400105,10,0.0747636363636363,Medium,2018,92.075,Charter
1620,609751,10,0.0747636363636363,Medium,2018,90.0,Network 17
1622,609678,10,0.0747636363636363,Medium,2018,93.15,ISP
1624,609746,10,0.0747636363636363,Medium,2018,92.775,Network 17
1629,609676,10,0.0679454545454545,Medium,2019,85.025,Network 17
1630,610587,10,0.0679454545454545,Medium,2019,92.06666666666668,Network 17
1635,400137,10,0.0679454545454545,Medium,2019,77.275,Options
1636,400105,10,0.0679454545454545,Medium,2019,93.4,Charter
1637,609751,10,0.0679454545454545,Medium,2019,87.975,Network 17
1639,609678,10,0.0679454545454545,Medium,2019,91.25,ISP
1641,609746,10,0.0679454545454545,Medium,2019,91.95,Network 17
1663,609676,10,0.0656727272727272,Medium,2021,65.75,Network 17
1664,610587,10,0.0656727272727272,Medium,2021,79.05,Network 17
1669,400137,10,0.0656727272727272,Medium,2021,91.4,Options
1670,400105,10,0.0656727272727272,Medium,2021,90.625,Charter
1671,609751,10,0.0656727272727272,Medium,2021,92.225,Network 17
1673,609678,10,0.0656727272727272,Medium,2021,91.45,ISP
1675,609746,10,0.0656727272727272,Medium,2021,88.5,Network 17
1680,609676,10,0.0725090909090909,Medium,2022,71.775,Network 17
1681,610587,10,0.0725090909090909,Medium,2022,83.75,Network 17
1686,400137,10,0.0725090909090909,Medium,2022,74.4,Options
1687,400105,10,0.0725090909090909,Medium,2022,91.85,Charter
1688,609751,10,0.0725090909090909,Medium,2022,88.65,Network 17
1690,609678,10,0.0725090909090909,Medium,2022,88.825,ISP
1692,609746,10,0.0725090909090909,Medium,2022,89.625,Network 17
1702,400051,11,0.0755090909090909,Medium,2013,95.4,Charter
1707,400051,11,0.0673090909090909,Medium,2014,95.375,Charter
1712,400051,11,0.0627272727272727,Medium,2015,94.6,Charter
1717,400051,11,0.0635272727272727,Medium,2016,94.45,Charter
1722,400051,11,0.061090909090909,Medium,2017,94.125,Charter
1727,400051,11,0.0592181818181818,Low,2018,94.175,Charter
1732,400051,11,0.0565090909090909,Low,2019,94.725,Charter
1742,400051,11,0.0474181818181818,Low,2021,67.425,Charter
1747,400051,11,0.0578727272727272,Low,2022,86.775,Charter
1764,400054,12,0.0651090909090909,Medium,2013,94.975,Charter
1773,400054,12,0.0665636363636363,Medium,2014,95.65,Charter
1782,400054,12,0.0604727272727272,Medium,2015,95.725,Charter
1791,400054,12,0.0621818181818181,Medium,2016,95.15,Charter
1800,400054,12,0.0580727272727272,Low,2017,94.85,Charter
1809,400054,12,0.0571272727272727,Low,2018,94.575,Charter
1818,400054,12,0.0586,Low,2019,94.725,Charter
1836,400054,12,0.0465818181818181,Low,2021,85.075,Charter
1845,400054,12,0.0536545454545454,Low,2022,88.5,Charter
1871,609692,13,0.0695272727272727,Medium,2013,83.45,Network 17
1873,400117,13,0.0695272727272727,Medium,2013,92.1,Charter
1874,400062,13,0.0695272727272727,Medium,2013,99.0,Charter
1875,400033,13,0.0695272727272727,Medium,2013,85.8,Charter
1880,400061,13,0.0695272727272727,Medium,2013,97.075,Charter
1889,609692,13,0.0636,Medium,2014,86.975,Network 17
1891,400117,13,0.0636,Medium,2014,91.55,Charter
1892,400062,13,0.0636,Medium,2014,93.45,Charter
1893,400033,13,0.0636,Medium,2014,90.35,Charter
1898,400061,13,0.0636,Medium,2014,93.95,Charter
1907,609692,13,0.0616363636363636,Medium,2015,89.975,Network 17
1909,400117,13,0.0616363636363636,Medium,2015,92.23333333333332,Charter
1910,400062,13,0.0616363636363636,Medium,2015,94.45,Charter
1911,400033,13,0.0616363636363636,Medium,2015,91.275,Charter
1916,400061,13,0.0616363636363636,Medium,2015,94.35,Charter
1925,609692,13,0.0658545454545454,Medium,2016,90.625,Network 17
1927,400117,13,0.0658545454545454,Medium,2016,91.85,Charter
1928,400062,13,0.0658545454545454,Medium,2016,92.125,Charter
1929,400033,13,0.0658545454545454,Medium,2016,90.25,Charter
1934,400061,13,0.0658545454545454,Medium,2016,91.9,Charter
1943,609692,13,0.0584727272727272,Low,2017,89.35,Network 17
1945,400117,13,0.0584727272727272,Low,2017,90.35,Charter
1946,400062,13,0.0584727272727272,Low,2017,91.45,Charter
1947,400033,13,0.0584727272727272,Low,2017,87.95,Charter
1952,400061,13,0.0584727272727272,Low,2017,90.475,Charter
1961,609692,13,0.0536363636363636,Low,2018,88.75,Network 17
1963,400117,13,0.0536363636363636,Low,2018,91.275,Charter
1964,400062,13,0.0536363636363636,Low,2018,90.775,Charter
1965,400033,13,0.0536363636363636,Low,2018,88.975,Charter
1970,400061,13,0.0536363636363636,Low,2018,90.8,Charter
1979,609692,13,0.0412545454545454,Low,2019,85.575,Network 17
1981,400117,13,0.0412545454545454,Low,2019,92.8,Charter
1982,400062,13,0.0412545454545454,Low,2019,91.475,Charter
1983,400033,13,0.0412545454545454,Low,2019,87.7,Charter
1988,400061,13,0.0412545454545454,Low,2019,92.175,Charter
2015,609692,13,0.0350545454545454,Low,2021,82.825,Network 17
2017,400117,13,0.0350545454545454,Low,2021,74.225,Charter
2018,400062,13,0.0350545454545454,Low,2021,79.35,Charter
2019,400033,13,0.0350545454545454,Low,2021,81.2,Charter
2024,400061,13,0.0350545454545454,Low,2021,82.05,Charter
2033,609692,13,0.0418363636363636,Low,2022,76.975,Network 17
2035,400117,13,0.0418363636363636,Low,2022,83.575,Charter
2036,400062,13,0.0418363636363636,Low,2022,79.825,Charter
2037,400033,13,0.0418363636363636,Low,2022,77.6,Charter
2042,400061,13,0.0418363636363636,Low,2022,80.94999999999999,Charter
2071,400058,14,0.0769090909090909,Medium,2013,97.4,Charter
2073,400118,14,0.0769090909090909,Medium,2013,91.3,Charter
2074,609748,14,0.0769090909090909,Medium,2013,96.35,Network 16
2077,400059,14,0.0769090909090909,Medium,2013,93.75,Charter
2082,400128,14,0.0769090909090909,Medium,2013,82.60000000000001,Options
2087,610499,14,0.0769090909090909,Medium,2013,78.575,AUSL
2093,400058,14,0.0711272727272727,Medium,2014,92.65,Charter
2095,400118,14,0.0711272727272727,Medium,2014,90.85,Charter
2096,609748,14,0.0711272727272727,Medium,2014,94.225,Network 16
2099,400059,14,0.0711272727272727,Medium,2014,90.975,Charter
2104,400128,14,0.0711272727272727,Medium,2014,69.4,Options
2109,610499,14,0.0711272727272727,Medium,2014,79.025,AUSL
2115,400058,14,0.0688,Medium,2015,97.0,Charter
2117,400118,14,0.0688,Medium,2015,91.2,Charter
2118,609748,14,0.0688,Medium,2015,86.625,Network 16
2121,400059,14,0.0688,Medium,2015,91.075,Charter
2126,400128,14,0.0688,Medium,2015,62.5,Options
2131,610499,14,0.0688,Medium,2015,78.8,AUSL
2137,400058,14,0.0652,Medium,2016,95.95,Charter
2139,400118,14,0.0652,Medium,2016,90.725,Charter
2140,609748,14,0.0652,Medium,2016,92.45,Network 16
2143,400059,14,0.0652,Medium,2016,91.575,Charter
2148,400128,14,0.0652,Medium,2016,60.53333333333333,Options
2153,610499,14,0.0652,Medium,2016,80.65,AUSL
2159,400058,14,0.0597272727272727,Medium,2017,93.2,Charter
2161,400118,14,0.0597272727272727,Medium,2017,88.875,Charter
2162,609748,14,0.0597272727272727,Medium,2017,96.975,Network 16
2165,400059,14,0.0597272727272727,Medium,2017,90.2,Charter
2170,400128,14,0.0597272727272727,Medium,2017,59.55,Options
2175,610499,14,0.0597272727272727,Medium,2017,83.075,AUSL
2181,400058,14,0.0561090909090909,Low,2018,95.9,Charter
2183,400118,14,0.0561090909090909,Low,2018,87.3,Charter
2184,609748,14,0.0561090909090909,Low,2018,71.05,Network 16
2187,400059,14,0.0561090909090909,Low,2018,92.05,Charter
2192,400128,14,0.0561090909090909,Low,2018,56.925,Options
2197,610499,14,0.0561090909090909,Low,2018,85.75,AUSL
2203,400058,14,0.0537818181818181,Low,2019,92.4,Charter
2205,400118,14,0.0537818181818181,Low,2019,87.375,Charter
2206,609748,14,0.0537818181818181,Low,2019,73.825,Network 16
2209,400059,14,0.0537818181818181,Low,2019,96.325,Charter
2214,400128,14,0.0537818181818181,Low,2019,51.7,Options
2219,610499,14,0.0537818181818181,Low,2019,81.975,AUSL
2247,400058,14,0.0434181818181818,Low,2021,79.525,Charter
2249,400118,14,0.0434181818181818,Low,2021,50.125,Charter
2250,609748,14,0.0434181818181818,Low,2021,62.975,Network 16
2253,400059,14,0.0434181818181818,Low,2021,77.85,Charter
2258,400128,14,0.0434181818181818,Low,2021,51.06666666666666,Options
2263,610499,14,0.0434181818181818,Low,2021,65.975,AUSL
2269,400058,14,0.0567818181818181,Low,2022,78.5,Charter
2271,400118,14,0.0567818181818181,Low,2022,71.65,Charter
2272,609748,14,0.0567818181818181,Low,2022,61.475,Network 16
2275,400059,14,0.0567818181818181,Low,2022,71.775,Charter
2280,400128,14,0.0567818181818181,Low,2022,50.63333333333333,Options
2285,610499,14,0.0567818181818181,Low,2022,75.95,AUSL
2304,609718,15,0.1513818181818181,High,2013,87.1,Network 16
2307,609694,15,0.1513818181818181,High,2013,88.375,Network 15
2314,609718,15,0.1258545454545454,High,2014,88.25,Network 16
2317,609694,15,0.1258545454545454,High,2014,88.425,Network 15
2324,609718,15,0.1242363636363636,High,2015,88.475,Network 16
2327,609694,15,0.1242363636363636,High,2015,90.25,Network 15
2334,609718,15,0.1123636363636363,Medium,2016,89.7,Network 16
2337,609694,15,0.1123636363636363,Medium,2016,90.675,Network 15
2344,609718,15,0.1137818181818181,Medium,2017,87.675,Network 16
2347,609694,15,0.1137818181818181,Medium,2017,92.425,Network 15
2354,609718,15,0.1041272727272727,Medium,2018,88.975,Network 16
2357,609694,15,0.1041272727272727,Medium,2018,91.775,Network 15
2364,609718,15,0.0694181818181818,Medium,2019,89.325,Network 16
2367,609694,15,0.0694181818181818,Medium,2019,91.275,Network 15
2384,609718,15,0.0542545454545454,Low,2021,82.3,Network 16
2387,609694,15,0.0542545454545454,Low,2021,93.575,Network 15
2394,609718,15,0.0583272727272727,Low,2022,80.1,Network 16
2397,609694,15,0.0583272727272727,Low,2022,91.525,Network 15
2406,609730,16,0.1573090909090909,High,2013,90.575,Network 14
2411,609730,16,0.1378181818181818,High,2014,91.35,Network 14
2416,609730,16,0.1292545454545454,High,2015,92.0,Network 14
2421,609730,16,0.1244545454545454,High,2016,90.25,Network 14
2426,609730,16,0.1177090909090909,High,2017,88.025,Network 14
2431,609730,16,0.1242363636363636,High,2018,90.175,Network 14
2436,609730,16,0.1447454545454545,High,2019,89.6,Network 14
2446,609730,16,0.1116545454545454,Medium,2021,88.0,Network 14
2451,609730,16,0.1064909090909091,Medium,2022,82.925,Network 14
2458,609716,17,0.1881818181818181,High,2013,78.35,Network 14
2462,609708,17,0.1881818181818181,High,2013,85.225,Network 14
2463,609716,17,0.1724,High,2014,76.35000000000001,Network 14
2467,609708,17,0.1724,High,2014,87.1,Network 14
2468,609716,17,0.1711636363636363,High,2015,80.4,Network 14
2472,609708,17,0.1711636363636363,High,2015,88.55,Network 14
2473,609716,17,0.1578181818181818,High,2016,79.8,Network 14
2477,609708,17,0.1578181818181818,High,2016,88.95,Network 14
2478,609716,17,0.1591818181818181,High,2017,83.05000000000001,Network 14
2482,609708,17,0.1591818181818181,High,2017,85.1,Network 14
2483,609716,17,0.1620181818181818,High,2018,82.05,Network 14
2487,609708,17,0.1620181818181818,High,2018,86.525,Network 14
2488,609716,17,0.1529272727272727,High,2019,81.17500000000001,Network 14
2492,609708,17,0.1529272727272727,High,2019,83.375,Network 14
2498,609716,17,0.1188,High,2021,97.65,Network 14
2502,609708,17,0.1188,High,2021,72.975,Network 14
2503,609716,17,0.1213636363636363,High,2022,73.025,Network 14
2507,609708,17,0.1213636363636363,High,2022,74.575,Network 14
2520,609720,18,0.0910181818181818,Medium,2013,94.375,Network 14
2521,609719,18,0.0910181818181818,Medium,2013,88.275,Network 14
2522,610402,18,0.0910181818181818,Medium,2013,96.65,Network 14
2530,609720,18,0.084490909090909,Medium,2014,93.675,Network 14
2531,609719,18,0.084490909090909,Medium,2014,91.3,Network 14
2532,610402,18,0.084490909090909,Medium,2014,94.0,Network 14
2540,609720,18,0.0790363636363636,Medium,2015,93.975,Network 14
2541,609719,18,0.0790363636363636,Medium,2015,89.6,Network 14
2542,610402,18,0.0790363636363636,Medium,2015,95.3,Network 14
2550,609720,18,0.0868363636363636,Medium,2016,93.625,Network 14
2551,609719,18,0.0868363636363636,Medium,2016,88.55000000000001,Network 14
2552,610402,18,0.0868363636363636,Medium,2016,96.05,Network 14
2560,609720,18,0.0813272727272727,Medium,2017,94.1,Network 14
2561,609719,18,0.0813272727272727,Medium,2017,89.25,Network 14
2562,610402,18,0.0813272727272727,Medium,2017,95.6,Network 14
2570,609720,18,0.0757636363636363,Medium,2018,93.3,Network 14
2571,609719,18,0.0757636363636363,Medium,2018,88.1,Network 14
2572,610402,18,0.0757636363636363,Medium,2018,95.1,Network 14
2580,609720,18,0.0691090909090909,Medium,2019,92.725,Network 14
2581,609719,18,0.0691090909090909,Medium,2019,85.225,Network 14
2582,610402,18,0.0691090909090909,Medium,2019,94.1,Network 14
2600,609720,18,0.0525818181818181,Low,2021,93.25,Network 14
2601,609719,18,0.0525818181818181,Low,2021,78.925,Network 14
2602,610402,18,0.0525818181818181,Low,2021,93.7,Network 14
2610,609720,18,0.0588,Low,2022,90.775,Network 14
2611,609719,18,0.0588,Low,2022,77.45,Network 14
2612,610402,18,0.0588,Low,2022,91.55,Network 14
2628,610390,19,0.0466727272727272,Low,2013,92.15,ISP
2629,609766,19,0.0466727272727272,Low,2013,86.5,Network 14
2636,610390,19,0.0433272727272727,Low,2014,92.325,ISP
2637,609766,19,0.0433272727272727,Low,2014,88.675,Network 14
2644,610390,19,0.0437454545454545,Low,2015,92.225,ISP
2645,609766,19,0.0437454545454545,Low,2015,89.675,Network 14
2652,610390,19,0.0431818181818181,Low,2016,92.575,ISP
2653,609766,19,0.0431818181818181,Low,2016,88.67500000000001,Network 14
2660,610390,19,0.0413636363636363,Low,2017,90.025,ISP
2661,609766,19,0.0413636363636363,Low,2017,88.225,Network 14
2668,610390,19,0.0408,Low,2018,91.35,ISP
2669,609766,19,0.0408,Low,2018,88.575,Network 14
2676,610390,19,0.0367636363636363,Low,2019,90.15,ISP
2677,609766,19,0.0367636363636363,Low,2019,85.975,Network 14
2692,610390,19,0.0346545454545454,Low,2021,84.125,ISP
2693,609766,19,0.0346545454545454,Low,2021,82.775,Network 14
2700,610390,19,0.0371272727272727,Low,2022,86.5,ISP
2701,609766,19,0.0371272727272727,Low,2022,83.825,Network 14
2727,609728,20,0.1758,High,2013,85.875,Network 14
2731,610568,20,0.154090909090909,High,2014,73.275,Options
2738,609728,20,0.154090909090909,High,2014,83.675,Network 14
2742,610568,20,0.1474545454545454,High,2015,77.35,Options
2749,609728,20,0.1474545454545454,High,2015,86.875,Network 14
2753,610568,20,0.1409090909090909,High,2016,36.625,Options
2760,609728,20,0.1409090909090909,High,2016,85.625,Network 14
2764,610568,20,0.1412,High,2017,49.35,Options
2771,609728,20,0.1412,High,2017,86.675,Network 14
2775,610568,20,0.1383272727272727,High,2018,76.825,Options
2782,609728,20,0.1383272727272727,High,2018,88.875,Network 14
2786,610568,20,0.1467818181818181,High,2019,79.9,Options
2793,609728,20,0.1467818181818181,High,2019,89.35,Network 14
2808,610568,20,0.1220909090909091,High,2021,75.05,Options
2815,609728,20,0.1220909090909091,High,2021,82.625,Network 14
2819,610568,20,0.1323272727272727,High,2022,52.2,Options
2826,609728,20,0.1323272727272727,High,2022,79.0,Network 14
2843,400013,21,0.1752363636363636,High,2013,96.05,Charter
2846,400125,21,0.1752363636363636,High,2013,77.03333333333333,Options
2853,400013,21,0.1570181818181818,High,2014,91.725,Charter
2855,400162,21,0.1570181818181818,High,2014,91.8,Charter
2856,400125,21,0.1570181818181818,High,2014,74.5,Options
2861,400169,21,0.1506545454545454,High,2015,93.5,Charter
2863,400013,21,0.1506545454545454,High,2015,87.525,Charter
2865,400162,21,0.1506545454545454,High,2015,93.6,Charter
2866,400125,21,0.1506545454545454,High,2015,66.63333333333334,Options
2870,400172,21,0.1499636363636363,High,2016,91.9,Charter
2871,400169,21,0.1499636363636363,High,2016,93.6,Charter
2873,400013,21,0.1499636363636363,High,2016,90.775,Charter
2875,400162,21,0.1499636363636363,High,2016,93.33333333333331,Charter
2876,400125,21,0.1499636363636363,High,2016,57.93333333333334,Options
2880,400172,21,0.1466,High,2017,90.8,Charter
2881,400169,21,0.1466,High,2017,92.46666666666664,Charter
2883,400013,21,0.1466,High,2017,89.9,Charter
2885,400162,21,0.1466,High,2017,93.425,Charter
2886,400125,21,0.1466,High,2017,55.75,Options
2890,400172,21,0.1504181818181818,High,2018,88.76666666666667,Charter
2891,400169,21,0.1504181818181818,High,2018,93.45,Charter
2893,400013,21,0.1504181818181818,High,2018,89.15,Charter
2895,400162,21,0.1504181818181818,High,2018,93.3,Charter
2896,400125,21,0.1504181818181818,High,2018,54.825,Options
2900,400172,21,0.1514,High,2019,86.875,Charter
2901,400169,21,0.1514,High,2019,94.2,Charter
2903,400013,21,0.1514,High,2019,91.7,Charter
2905,400162,21,0.1514,High,2019,93.55,Charter
2906,400125,21,0.1514,High,2019,65.23333333333333,Options
2920,400172,21,0.1166909090909091,High,2021,78.9,Charter
2921,400169,21,0.1166909090909091,High,2021,78.85,Charter
2923,400013,21,0.1166909090909091,High,2021,85.475,Charter
2925,400162,21,0.1166909090909091,High,2021,92.375,Charter
2926,400125,21,0.1166909090909091,High,2021,70.73333333333333,Options
2930,400172,21,0.1322,High,2022,80.15,Charter
2931,400169,21,0.1322,High,2022,86.4,Charter
2933,400013,21,0.1322,High,2022,84.75,Charter
2935,400162,21,0.1322,High,2022,88.55000000000001,Charter
2936,400125,21,0.1322,High,2022,66.86666666666666,Options
2956,400147,22,0.0651272727272727,Medium,2013,66.725,Options
2958,609762,22,0.0651272727272727,Medium,2013,80.775,Network 16
2968,609705,22,0.0651272727272727,Medium,2013,80.125,Network 17
2975,400147,22,0.0601272727272727,Medium,2014,77.275,Options
2977,609762,22,0.0601272727272727,Medium,2014,76.2,Network 16
2987,609705,22,0.0601272727272727,Medium,2014,79.975,Network 17
2994,400147,22,0.0563090909090909,Low,2015,63.25,Options
2996,609762,22,0.0563090909090909,Low,2015,79.5,Network 16
3006,609705,22,0.0563090909090909,Low,2015,83.625,Network 17
3013,400147,22,0.0574727272727272,Low,2016,82.75,Options
3015,609762,22,0.0574727272727272,Low,2016,83.475,Network 16
3025,609705,22,0.0574727272727272,Low,2016,86.425,Network 17
3032,400147,22,0.055690909090909,Low,2017,74.3,Options
3034,609762,22,0.055690909090909,Low,2017,81.725,Network 16
3044,609705,22,0.055690909090909,Low,2017,86.325,Network 17
3051,400147,22,0.0607272727272727,Medium,2018,82.175,Options
3053,609762,22,0.0607272727272727,Medium,2018,80.75,Network 16
3063,609705,22,0.0607272727272727,Medium,2018,86.975,Network 17
3070,400147,22,0.0606545454545454,Medium,2019,77.15,Options
3072,609762,22,0.0606545454545454,Medium,2019,80.775,Network 16
3082,609705,22,0.0606545454545454,Medium,2019,87.8,Network 17
3108,400147,22,0.0462,Low,2021,65.075,Options
3109,610593,22,0.0462,Low,2021,46.150000000000006,Options
3110,609762,22,0.0462,Low,2021,72.075,Network 16
3120,609705,22,0.0462,Low,2021,61.725,Network 17
3127,400147,22,0.0532181818181818,Low,2022,71.325,Options
3128,610593,22,0.0532181818181818,Low,2022,51.025,Options
3129,609762,22,0.0532181818181818,Low,2022,74.4,Network 16
3139,609705,22,0.0532181818181818,Low,2022,71.4,Network 17
3172,609693,23,0.0668181818181818,Medium,2013,92.225,Network 15
3176,400119,23,0.0668181818181818,Medium,2013,87.3,Charter
3178,400123,23,0.0668181818181818,Medium,2013,63.875,Options
3182,609723,23,0.0668181818181818,Medium,2013,75.4,Network 15
3184,610334,23,0.0668181818181818,Medium,2013,82.0,Network 15
3186,609722,23,0.0668181818181818,Medium,2013,79.625,Network 15
3189,400057,23,0.0668181818181818,Medium,2013,95.75,Charter
3196,609693,23,0.0569818181818181,Low,2014,92.75,Network 15
3200,400119,23,0.0569818181818181,Low,2014,85.95,Charter
3202,400123,23,0.0569818181818181,Low,2014,80.13333333333333,Options
3206,609723,23,0.0569818181818181,Low,2014,81.92500000000001,Network 15
3208,610334,23,0.0569818181818181,Low,2014,83.7,Network 15
3210,609722,23,0.0569818181818181,Low,2014,83.725,Network 15
3213,400057,23,0.0569818181818181,Low,2014,94.95,Charter
3215,610571,23,0.0569818181818181,Low,2014,40.05,Options
3220,609693,23,0.0566181818181818,Low,2015,91.675,Network 15
3224,400119,23,0.0566181818181818,Low,2015,87.66666666666667,Charter
3226,400123,23,0.0566181818181818,Low,2015,71.03333333333335,Options
3230,609723,23,0.0566181818181818,Low,2015,86.5,Network 15
3232,610334,23,0.0566181818181818,Low,2015,86.775,Network 15
3234,609722,23,0.0566181818181818,Low,2015,85.275,Network 15
3237,400057,23,0.0566181818181818,Low,2015,95.575,Charter
3239,610571,23,0.0566181818181818,Low,2015,47.95,Options
3244,609693,23,0.0614,Medium,2016,92.6,Network 15
3248,400119,23,0.0614,Medium,2016,86.75,Charter
3250,400123,23,0.0614,Medium,2016,70.8,Options
3254,609723,23,0.0614,Medium,2016,89.175,Network 15
3256,610334,23,0.0614,Medium,2016,85.15,Network 15
3258,609722,23,0.0614,Medium,2016,80.55,Network 15
3261,400057,23,0.0614,Medium,2016,94.9,Charter
3263,610571,23,0.0614,Medium,2016,46.5,Options
3268,609693,23,0.0565636363636363,Low,2017,91.825,Network 15
3272,400119,23,0.0565636363636363,Low,2017,89.375,Charter
3274,400123,23,0.0565636363636363,Low,2017,54.5,Options
3278,609723,23,0.0565636363636363,Low,2017,78.975,Network 15
3280,610334,23,0.0565636363636363,Low,2017,85.17500000000001,Network 15
3282,609722,23,0.0565636363636363,Low,2017,73.9,Network 15
3285,400057,23,0.0565636363636363,Low,2017,94.15,Charter
3287,610571,23,0.0565636363636363,Low,2017,48.825,Options
3292,609693,23,0.0575636363636363,Low,2018,91.825,Network 15
3296,400119,23,0.0575636363636363,Low,2018,86.725,Charter
3298,400123,23,0.0575636363636363,Low,2018,49.875,Options
3302,609723,23,0.0575636363636363,Low,2018,73.725,Network 15
3304,610334,23,0.0575636363636363,Low,2018,82.95,Network 15
3306,609722,23,0.0575636363636363,Low,2018,74.25,Network 15
3309,400057,23,0.0575636363636363,Low,2018,92.7,Charter
3311,610571,23,0.0575636363636363,Low,2018,50.975,Options
3316,609693,23,0.0451272727272727,Low,2019,91.525,Network 15
3320,400119,23,0.0451272727272727,Low,2019,85.575,Charter
3322,400123,23,0.0451272727272727,Low,2019,64.06666666666666,Options
3326,609723,23,0.0451272727272727,Low,2019,77.375,Network 15
3328,610334,23,0.0451272727272727,Low,2019,80.65,Network 15
3330,609722,23,0.0451272727272727,Low,2019,76.65,Network 15
3333,400057,23,0.0451272727272727,Low,2019,93.375,Charter
3335,610571,23,0.0451272727272727,Low,2019,54.975,Options
3364,609693,23,0.0400545454545454,Low,2021,83.575,Network 15
3368,400119,23,0.0400545454545454,Low,2021,75.45,Charter
3370,400123,23,0.0400545454545454,Low,2021,62.3,Options
3374,609723,23,0.0400545454545454,Low,2021,57.325,Network 15
3376,610334,23,0.0400545454545454,Low,2021,66.95,Network 15
3378,609722,23,0.0400545454545454,Low,2021,57.55,Network 15
3381,400057,23,0.0400545454545454,Low,2021,84.225,Charter
3383,610571,23,0.0400545454545454,Low,2021,49.1,Options
3388,609693,23,0.0459090909090909,Low,2022,86.5,Network 15
3392,400119,23,0.0459090909090909,Low,2022,79.9,Charter
3394,400123,23,0.0459090909090909,Low,2022,49.0,Options
3398,609723,23,0.0459090909090909,Low,2022,64.275,Network 15
3400,610334,23,0.0459090909090909,Low,2022,66.425,Network 15
3402,609722,23,0.0459090909090909,Low,2022,63.45,Network 15
3405,400057,23,0.0459090909090909,Low,2022,82.125,Charter
3407,610571,23,0.0459090909090909,Low,2022,40.375,Options
3418,609724,24,0.2422545454545454,High,2013,87.65,Network 14
3419,609695,24,0.2422545454545454,High,2013,88.6,ISP
3420,609749,24,0.2422545454545454,High,2013,94.9,Network 14
3426,609724,24,0.223890909090909,High,2014,89.7,Network 14
3427,609695,24,0.223890909090909,High,2014,90.3,ISP
3428,609749,24,0.223890909090909,High,2014,92.9,Network 14
3434,609724,24,0.2198181818181818,High,2015,90.925,Network 14
3435,609695,24,0.2198181818181818,High,2015,90.375,ISP
3436,609749,24,0.2198181818181818,High,2015,94.45,Network 14
3442,609724,24,0.2235818181818182,High,2016,89.775,Network 14
3443,609695,24,0.2235818181818182,High,2016,91.55,ISP
3444,609749,24,0.2235818181818182,High,2016,93.375,Network 14
3450,609724,24,0.2291454545454545,High,2017,90.325,Network 14
3451,609695,24,0.2291454545454545,High,2017,91.05,ISP
3452,609749,24,0.2291454545454545,High,2017,93.6,Network 14
3458,609724,24,0.2304363636363636,High,2018,88.0,Network 14
3459,609695,24,0.2304363636363636,High,2018,91.2,ISP
3460,609749,24,0.2304363636363636,High,2018,94.1,Network 14
3466,609724,24,0.2043090909090909,High,2019,89.55,Network 14
3467,609695,24,0.2043090909090909,High,2019,90.725,ISP
3468,609749,24,0.2043090909090909,High,2019,93.6,Network 14
3482,609724,24,0.1473818181818181,High,2021,82.6,Network 14
3483,609695,24,0.1473818181818181,High,2021,83.875,ISP
3484,609749,24,0.1473818181818181,High,2021,94.375,Network 14
3490,609724,24,0.1466727272727272,High,2022,82.55,Network 14
3491,609695,24,0.1466727272727272,High,2022,84.875,ISP
3492,609749,24,0.1466727272727272,High,2022,91.4,Network 14
3581,400091,26,0.0852181818181818,Medium,2013,85.425,Contract
3585,400104,26,0.0852181818181818,Medium,2013,87.66666666666667,Charter
3590,609764,26,0.0852181818181818,Medium,2013,89.175,Network 15
3600,400091,26,0.0728363636363636,Medium,2014,88.25,Contract
3602,400164,26,0.0728363636363636,Medium,2014,78.5,Options
3604,400104,26,0.0728363636363636,Medium,2014,92.425,Charter
3609,609764,26,0.0728363636363636,Medium,2014,90.3,Network 15
3619,400091,26,0.0669454545454545,Medium,2015,87.85,Contract
3621,400164,26,0.0669454545454545,Medium,2015,78.23333333333333,Options
3623,400104,26,0.0669454545454545,Medium,2015,90.675,Charter
3628,609764,26,0.0669454545454545,Medium,2015,89.35,Network 15
3638,400091,26,0.0740909090909091,Medium,2016,88.4,Contract
3640,400164,26,0.0740909090909091,Medium,2016,70.63333333333334,Options
3642,400104,26,0.0740909090909091,Medium,2016,89.7,Charter
3647,609764,26,0.0740909090909091,Medium,2016,89.675,Network 15
3657,400091,26,0.0700363636363636,Medium,2017,87.5,Contract
3659,400164,26,0.0700363636363636,Medium,2017,59.0,Options
3661,400104,26,0.0700363636363636,Medium,2017,89.625,Charter
3666,609764,26,0.0700363636363636,Medium,2017,85.725,Network 15
3676,400091,26,0.0652181818181818,Medium,2018,90.125,Contract
3678,400164,26,0.0652181818181818,Medium,2018,69.175,Options
3680,400104,26,0.0652181818181818,Medium,2018,87.575,Charter
3685,609764,26,0.0652181818181818,Medium,2018,85.2,Network 15
3695,400091,26,0.0697090909090909,Medium,2019,89.775,Contract
3697,400164,26,0.0697090909090909,Medium,2019,64.8,Options
3699,400104,26,0.0697090909090909,Medium,2019,87.55,Charter
3704,609764,26,0.0697090909090909,Medium,2019,85.025,Network 15
3733,400091,26,0.0589818181818181,Low,2021,81.67500000000001,Contract
3735,400164,26,0.0589818181818181,Low,2021,55.725,Options
3737,400104,26,0.0589818181818181,Low,2021,97.0,Charter
3742,609764,26,0.0589818181818181,Low,2021,77.3,Network 15
3752,400091,26,0.0693090909090909,Medium,2022,83.425,Contract
3754,400164,26,0.0693090909090909,Medium,2022,44.55,Options
3756,400104,26,0.0693090909090909,Medium,2022,79.8,Charter
3761,609764,26,0.0693090909090909,Medium,2022,78.6,Network 15
3846,610385,28,0.2842363636363636,High,2013,91.075,Network 15
3851,610384,28,0.2842363636363636,High,2013,93.375,ISP
3854,610383,28,0.2842363636363636,High,2013,91.925,Network 15
3856,609704,28,0.2842363636363636,High,2013,83.925,Network 16
3857,610392,28,0.2842363636363636,High,2013,93.5,Network 15
3861,610385,28,0.2646909090909091,High,2014,88.77499999999999,Network 15
3866,610384,28,0.2646909090909091,High,2014,92.525,ISP
3869,610383,28,0.2646909090909091,High,2014,91.475,Network 15
3871,609704,28,0.2646909090909091,High,2014,87.775,Network 16
3872,610392,28,0.2646909090909091,High,2014,93.375,Network 15
3876,610385,28,0.2400545454545454,High,2015,89.075,Network 15
3881,610384,28,0.2400545454545454,High,2015,91.9,ISP
3884,610383,28,0.2400545454545454,High,2015,91.9,Network 15
3886,609704,28,0.2400545454545454,High,2015,87.725,Network 16
3887,610392,28,0.2400545454545454,High,2015,92.45,Network 15
3891,610385,28,0.2288,High,2016,85.975,Network 15
3896,610384,28,0.2288,High,2016,93.4,ISP
3899,610383,28,0.2288,High,2016,90.0,Network 15
3901,609704,28,0.2288,High,2016,87.5,Network 16
3902,610392,28,0.2288,High,2016,93.1,Network 15
3906,610385,28,0.2056545454545454,High,2017,83.875,Network 15
3911,610384,28,0.2056545454545454,High,2017,92.55,ISP
3914,610383,28,0.2056545454545454,High,2017,89.32499999999999,Network 15
3916,609704,28,0.2056545454545454,High,2017,85.85,Network 16
3917,610392,28,0.2056545454545454,High,2017,90.575,Network 15
3921,610385,28,0.2175272727272727,High,2018,89.175,Network 15
3926,610384,28,0.2175272727272727,High,2018,93.075,ISP
3929,610383,28,0.2175272727272727,High,2018,90.15,Network 15
3931,609704,28,0.2175272727272727,High,2018,86.45,Network 16
3932,610392,28,0.2175272727272727,High,2018,91.4,Network 15
3936,610385,28,0.2364545454545454,High,2019,85.95,Network 15
3941,610384,28,0.2364545454545454,High,2019,92.15,ISP
3944,610383,28,0.2364545454545454,High,2019,86.3,Network 15
3946,609704,28,0.2364545454545454,High,2019,86.725,Network 16
3947,610392,28,0.2364545454545454,High,2019,90.15,Network 15
3966,610385,28,0.1823454545454545,High,2021,98.95,Network 15
3971,610384,28,0.1823454545454545,High,2021,86.825,ISP
3974,610383,28,0.1823454545454545,High,2021,77.4,Network 15
3976,609704,28,0.1823454545454545,High,2021,70.42500000000001,Network 16
3977,610392,28,0.1823454545454545,High,2021,86.1,Network 15
3981,610385,28,0.1812727272727272,High,2022,72.0,Network 15
3986,610384,28,0.1812727272727272,High,2022,89.425,ISP
3989,610383,28,0.1812727272727272,High,2022,75.1,Network 15
3991,609704,28,0.1812727272727272,High,2022,70.25,Network 16
3992,610392,28,0.1812727272727272,High,2022,86.4,Network 15
4016,609734,29,0.1338,High,2013,89.85,Network 14
4023,610569,29,0.1228,High,2014,57.5,Options
4028,609734,29,0.1228,High,2014,89.15,Network 14
4035,610569,29,0.1187454545454545,High,2015,56.775,Options
4040,609734,29,0.1187454545454545,High,2015,90.525,Network 14
4047,610569,29,0.1147818181818181,High,2016,45.45,Options
4052,609734,29,0.1147818181818181,High,2016,90.5,Network 14
4059,610569,29,0.1037090909090909,Medium,2017,45.85,Options
4064,609734,29,0.1037090909090909,Medium,2017,88.6,Network 14
4071,610569,29,0.1039090909090909,Medium,2018,51.4,Options
4076,609734,29,0.1039090909090909,Medium,2018,89.4,Network 14
4083,610569,29,0.1082545454545454,Medium,2019,64.35,Options
4088,609734,29,0.1082545454545454,Medium,2019,89.25,Network 14
4107,610569,29,0.092090909090909,Medium,2021,58.9,Options
4112,609734,29,0.092090909090909,Medium,2021,86.95,Network 14
4119,610569,29,0.099,Medium,2022,61.775,Options
4124,609734,29,0.099,Medium,2022,83.575,Network 14
4136,609698,30,0.077690909090909,Medium,2013,83.95,Network 16
4142,610558,30,0.077690909090909,Medium,2013,95.3,Network 16
4145,610557,30,0.077690909090909,Medium,2013,86.66666666666667,Options
4147,609698,30,0.0694,Medium,2014,87.6,Network 16
4153,610558,30,0.0694,Medium,2014,94.05,Network 16
4156,610557,30,0.0694,Medium,2014,70.95,Options
4158,609698,30,0.0662363636363636,Medium,2015,88.275,Network 16
4164,610558,30,0.0662363636363636,Medium,2015,92.76666666666668,Network 16
4167,610557,30,0.0662363636363636,Medium,2015,83.95,Options
4169,609698,30,0.0644181818181818,Medium,2016,89.25,Network 16
4175,610558,30,0.0644181818181818,Medium,2016,91.4,Network 16
4178,610557,30,0.0644181818181818,Medium,2016,45.2,Options
4180,609698,30,0.0627636363636363,Medium,2017,87.425,Network 16
4186,610558,30,0.0627636363636363,Medium,2017,89.25,Network 16
4189,610557,30,0.0627636363636363,Medium,2017,48.45,Options
4191,609698,30,0.0553818181818181,Low,2018,87.65,Network 16
4197,610558,30,0.0553818181818181,Low,2018,89.125,Network 16
4200,610557,30,0.0553818181818181,Low,2018,69.15,Options
4202,609698,30,0.0488363636363636,Low,2019,85.975,Network 16
4208,610558,30,0.0488363636363636,Low,2019,87.475,Network 16
4211,610557,30,0.0488363636363636,Low,2019,72.325,Options
4224,609698,30,0.0403636363636363,Low,2021,71.9,Network 16
4230,610558,30,0.0403636363636363,Low,2021,84.4,Network 16
4233,610557,30,0.0403636363636363,Low,2021,67.6,Options
4235,609698,30,0.0457454545454545,Low,2022,76.85,Network 16
4241,610558,30,0.0457454545454545,Low,2022,84.225,Network 16
4244,610557,30,0.0457454545454545,Low,2022,53.825,Options
4265,609745,31,0.0786,Medium,2013,88.85,ISP
4266,400032,31,0.0786,Medium,2013,94.575,Charter
4269,400115,31,0.0786,Medium,2013,95.2,Charter
4278,609745,31,0.0699818181818181,Medium,2014,90.05,ISP
4279,400032,31,0.0699818181818181,Medium,2014,95.85,Charter
4282,400115,31,0.0699818181818181,Medium,2014,95.35,Charter
4290,400176,31,0.0655818181818181,Medium,2015,61.25,Options
4291,609745,31,0.0655818181818181,Medium,2015,91.2,ISP
4292,400032,31,0.0655818181818181,Medium,2015,95.625,Charter
4295,400115,31,0.0655818181818181,Medium,2015,95.025,Charter
4303,400176,31,0.0643272727272727,Medium,2016,68.55,Options
4304,609745,31,0.0643272727272727,Medium,2016,88.55000000000001,ISP
4305,400032,31,0.0643272727272727,Medium,2016,91.0,Charter
4308,400115,31,0.0643272727272727,Medium,2016,95.475,Charter
4316,400176,31,0.0648909090909091,Medium,2017,70.2,Options
4317,609745,31,0.0648909090909091,Medium,2017,93.75,ISP
4318,400032,31,0.0648909090909091,Medium,2017,89.0,Charter
4321,400115,31,0.0648909090909091,Medium,2017,94.375,Charter
4329,400176,31,0.057,Low,2018,73.65,Options
4330,609745,31,0.057,Low,2018,90.4,ISP
4331,400032,31,0.057,Low,2018,89.0,Charter
4334,400115,31,0.057,Low,2018,95.25,Charter
4342,400176,31,0.0529090909090909,Low,2019,74.225,Options
4343,609745,31,0.0529090909090909,Low,2019,88.2,ISP
4344,400032,31,0.0529090909090909,Low,2019,88.175,Charter
4347,400115,31,0.0529090909090909,Low,2019,94.625,Charter
4368,400176,31,0.043890909090909,Low,2021,56.366666666666674,Options
4369,609745,31,0.043890909090909,Low,2021,80.1,ISP
4370,400032,31,0.043890909090909,Low,2021,78.7,Charter
4373,400115,31,0.043890909090909,Low,2021,95.575,Charter
4381,400176,31,0.0498727272727272,Low,2022,73.5,Options
4382,609745,31,0.0498727272727272,Low,2022,83.0,ISP
4383,400032,31,0.0498727272727272,Low,2022,81.85,Charter
4386,400115,31,0.0498727272727272,Low,2022,85.75,Charter
4406,400130,32,0.0860363636363636,Medium,2013,65.26666666666667,Options
4423,400130,32,0.0816727272727272,Medium,2014,70.8,Options
4436,610565,32,0.0816727272727272,Medium,2014,61.6,Options
4440,400130,32,0.0770727272727272,Medium,2015,67.46666666666667,Options
4453,610565,32,0.0770727272727272,Medium,2015,69.05,Options
4457,400130,32,0.0864727272727272,Medium,2016,63.1,Options
4470,610565,32,0.0864727272727272,Medium,2016,76.275,Options
4474,400130,32,0.0870727272727272,Medium,2017,57.05,Options
4487,610565,32,0.0870727272727272,Medium,2017,71.925,Options
4491,400130,32,0.0763454545454545,Medium,2018,67.175,Options
4504,610565,32,0.0763454545454545,Medium,2018,72.0,Options
4508,400130,32,0.0595272727272727,Medium,2019,62.76666666666667,Options
4521,610565,32,0.0595272727272727,Medium,2019,71.17500000000001,Options
4542,400130,32,0.0441636363636363,Low,2021,58.3,Options
4546,610592,32,0.0441636363636363,Low,2021,70.8,Network 16
4555,610565,32,0.0441636363636363,Low,2021,68.625,Options
4559,400130,32,0.0537090909090909,Low,2022,52.43333333333334,Options
4563,610592,32,0.0537090909090909,Low,2022,68.63333333333334,Network 16
4572,610565,32,0.0537090909090909,Low,2022,75.325,Options
4591,400052,33,0.0525636363636363,Low,2013,94.175,Charter
4595,609713,33,0.0525636363636363,Low,2013,72.225,Network 17
4602,400052,33,0.0460727272727272,Low,2014,93.95,Charter
4606,609713,33,0.0460727272727272,Low,2014,80.975,Network 17
4613,400052,33,0.0457090909090909,Low,2015,92.8,Charter
4617,609713,33,0.0457090909090909,Low,2015,82.9,Network 17
4624,400052,33,0.0454181818181818,Low,2016,93.2,Charter
4628,609713,33,0.0454181818181818,Low,2016,86.35,Network 17
4635,400052,33,0.0476727272727272,Low,2017,93.175,Charter
4639,609713,33,0.0476727272727272,Low,2017,85.825,Network 17
4646,400052,33,0.0478181818181818,Low,2018,92.0,Charter
4650,609713,33,0.0478181818181818,Low,2018,86.8,Network 17
4657,400052,33,0.0434545454545454,Low,2019,92.825,Charter
4661,609713,33,0.0434545454545454,Low,2019,86.85,Network 17
4679,400052,33,0.0364,Low,2021,81.8,Charter
4683,609713,33,0.0364,Low,2021,75.975,Network 17
4690,400052,33,0.0430545454545454,Low,2022,81.825,Charter
4694,609713,33,0.0430545454545454,Low,2022,82.1,Network 17
4705,609738,34,0.1584,High,2013,87.125,Network 14
4711,609738,34,0.1359272727272727,High,2014,87.525,Network 14
4717,609738,34,0.1254181818181818,High,2015,90.05,Network 14
4723,609738,34,0.1225818181818181,High,2016,90.275,Network 14
4729,609738,34,0.1252727272727272,High,2017,90.225,Network 14
4735,609738,34,0.1267090909090909,High,2018,90.85,Network 14
4741,609738,34,0.1219272727272727,High,2019,89.075,Network 14
4753,609738,34,0.1080727272727272,Medium,2021,89.475,Network 14
4759,609738,34,0.1085818181818181,Medium,2022,83.525,Network 14
4784,400136,35,0.0690727272727272,Medium,2013,90.66666666666669,Options
4790,400139,35,0.0690727272727272,Medium,2013,85.06666666666666,Options
4791,609674,35,0.0690727272727272,Medium,2013,83.65,Network 17
4793,610547,35,0.0690727272727272,Medium,2013,89.44999999999999,Network 17
4800,609712,35,0.0690727272727272,Medium,2013,65.7,Network 17
4801,400150,35,0.0690727272727272,Medium,2013,80.43333333333334,Options
4804,400136,35,0.0590363636363636,Low,2014,90.9,Options
4810,400139,35,0.0590363636363636,Low,2014,87.53333333333335,Options
4811,609674,35,0.0590363636363636,Low,2014,86.875,Network 17
4813,610547,35,0.0590363636363636,Low,2014,90.8,Network 17
4820,609712,35,0.0590363636363636,Low,2014,68.4,Network 17
4821,400150,35,0.0590363636363636,Low,2014,75.26666666666667,Options
4824,400136,35,0.0559818181818181,Low,2015,82.43333333333334,Options
4830,400139,35,0.0559818181818181,Low,2015,66.76666666666667,Options
4831,609674,35,0.0559818181818181,Low,2015,86.6,Network 17
4833,610547,35,0.0559818181818181,Low,2015,88.05,Network 17
4840,609712,35,0.0559818181818181,Low,2015,74.35,Network 17
4841,400150,35,0.0559818181818181,Low,2015,79.76666666666667,Options
4844,400136,35,0.0617818181818181,Medium,2016,81.96666666666667,Options
4850,400139,35,0.0617818181818181,Medium,2016,74.03333333333333,Options
4851,609674,35,0.0617818181818181,Medium,2016,87.25,Network 17
4853,610547,35,0.0617818181818181,Medium,2016,90.075,Network 17
4860,609712,35,0.0617818181818181,Medium,2016,77.125,Network 17
4861,400150,35,0.0617818181818181,Medium,2016,77.73333333333333,Options
4864,400136,35,0.060290909090909,Medium,2017,66.475,Options
4870,400139,35,0.060290909090909,Medium,2017,64.975,Options
4871,609674,35,0.060290909090909,Medium,2017,83.7,Network 17
4873,610547,35,0.060290909090909,Medium,2017,89.8,Network 17
4880,609712,35,0.060290909090909,Medium,2017,80.375,Network 17
4881,400150,35,0.060290909090909,Medium,2017,56.275,Options
4884,400136,35,0.0587454545454545,Low,2018,68.375,Options
4890,400139,35,0.0587454545454545,Low,2018,77.275,Options
4891,609674,35,0.0587454545454545,Low,2018,90.425,Network 17
4893,610547,35,0.0587454545454545,Low,2018,90.525,Network 17
4900,609712,35,0.0587454545454545,Low,2018,80.25,Network 17
4901,400150,35,0.0587454545454545,Low,2018,67.45,Options
4904,400136,35,0.0514545454545454,Low,2019,76.3,Options
4910,400139,35,0.0514545454545454,Low,2019,86.56666666666666,Options
4911,609674,35,0.0514545454545454,Low,2019,84.925,Network 17
4913,610547,35,0.0514545454545454,Low,2019,88.925,Network 17
4920,609712,35,0.0514545454545454,Low,2019,76.4,Network 17
4921,400150,35,0.0514545454545454,Low,2019,69.6,Options
4944,400136,35,0.042690909090909,Low,2021,58.86666666666667,Options
4950,400139,35,0.042690909090909,Low,2021,89.93333333333334,Options
4951,609674,35,0.042690909090909,Low,2021,75.85,Network 17
4952,400181,35,0.042690909090909,Low,2021,79.9,Charter
4953,610547,35,0.042690909090909,Low,2021,77.7,Network 17
4960,609712,35,0.042690909090909,Low,2021,59.025000000000006,Network 17
4961,400150,35,0.042690909090909,Low,2021,60.66666666666666,Options
4964,400136,35,0.0459090909090909,Low,2022,60.3,Options
4970,400139,35,0.0459090909090909,Low,2022,88.56666666666668,Options
4971,609674,35,0.0459090909090909,Low,2022,78.025,Network 17
4972,400181,35,0.0459090909090909,Low,2022,83.75,Charter
4973,610547,35,0.0459090909090909,Low,2022,78.9,Network 17
4980,609712,35,0.0459090909090909,Low,2022,69.875,Network 17
4981,400150,35,0.0459090909090909,Low,2022,52.86666666666667,Options
4985,400098,36,0.0554363636363636,Low,2013,96.85,Charter
4986,400133,36,0.0554363636363636,Low,2013,78.16666666666667,Options
4987,400098,36,0.0464181818181818,Low,2014,96.675,Charter
4988,400133,36,0.0464181818181818,Low,2014,84.5,Options
4989,400098,36,0.05,Low,2015,96.325,Charter
4990,400133,36,0.05,Low,2015,73.60000000000001,Options
4991,400098,36,0.0546727272727272,Low,2016,96.875,Charter
4992,400133,36,0.0546727272727272,Low,2016,67.26666666666667,Options
4993,400098,36,0.0490727272727272,Low,2017,95.425,Charter
4994,400133,36,0.0490727272727272,Low,2017,39.55,Options
4995,400098,36,0.0486727272727272,Low,2018,95.05,Charter
4996,400133,36,0.0486727272727272,Low,2018,49.675,Options
4997,400098,36,0.0516363636363636,Low,2019,94.575,Charter
4998,400133,36,0.0516363636363636,Low,2019,52.8,Options
5001,400098,36,0.043890909090909,Low,2021,76.425,Charter
5002,400133,36,0.043890909090909,Low,2021,48.03333333333333,Options
5003,400098,36,0.0493636363636363,Low,2022,85.19999999999999,Charter
5004,400133,36,0.0493636363636363,Low,2022,56.66666666666666,Options
5020,400094,37,0.1508727272727272,High,2013,90.025,Charter
5025,610323,37,0.1508727272727272,High,2013,80.9,Network 17
5033,400094,37,0.1350363636363636,High,2014,89.6,Charter
5038,610323,37,0.1350363636363636,High,2014,85.925,Network 17
5041,400157,37,0.1350363636363636,High,2014,89.3,Charter
5046,400094,37,0.1298545454545454,High,2015,90.325,Charter
5051,610323,37,0.1298545454545454,High,2015,88.42500000000001,Network 17
5054,400157,37,0.1298545454545454,High,2015,90.85,Charter
5056,400175,37,0.1298545454545454,High,2015,77.35,Options
5059,400094,37,0.1231454545454545,High,2016,91.4,Charter
5064,610323,37,0.1231454545454545,High,2016,87.0,Network 17
5067,400157,37,0.1231454545454545,High,2016,90.63333333333333,Charter
5072,400094,37,0.1171818181818181,High,2017,91.05,Charter
5077,610323,37,0.1171818181818181,High,2017,82.225,Network 17
5080,400157,37,0.1171818181818181,High,2017,89.125,Charter
5082,400175,37,0.1171818181818181,High,2017,68.55,Options
5085,400094,37,0.1245818181818181,High,2018,92.925,Charter
5090,610323,37,0.1245818181818181,High,2018,82.4,Network 17
5093,400157,37,0.1245818181818181,High,2018,90.325,Charter
5095,400175,37,0.1245818181818181,High,2018,74.85,Options
5098,400094,37,0.1422727272727272,High,2019,91.65,Charter
5103,610323,37,0.1422727272727272,High,2019,85.6,Network 17
5106,400157,37,0.1422727272727272,High,2019,90.175,Charter
5108,400175,37,0.1422727272727272,High,2019,74.575,Options
5124,400094,37,0.1071818181818181,Medium,2021,81.1,Charter
5129,610323,37,0.1071818181818181,Medium,2021,71.975,Network 17
5132,400157,37,0.1071818181818181,Medium,2021,71.32499999999999,Charter
5134,400175,37,0.1071818181818181,Medium,2021,71.975,Options
5137,400094,37,0.108,Medium,2022,78.775,Charter
5142,610323,37,0.108,Medium,2022,76.05,Network 17
5145,400157,37,0.108,Medium,2022,77.25,Charter
5147,400175,37,0.108,Medium,2022,71.65,Options
5157,609737,38,0.0619090909090909,Medium,2013,91.575,Network 14
5159,609744,38,0.0619090909090909,Medium,2013,90.85,Network 14
5162,400034,38,0.0619090909090909,Medium,2013,95.825,Charter
5166,609737,38,0.0513272727272727,Low,2014,92.075,Network 14
5168,609744,38,0.0513272727272727,Low,2014,91.45,Network 14
5171,400034,38,0.0513272727272727,Low,2014,95.775,Charter
5175,609737,38,0.0534545454545454,Low,2015,93.2,Network 14
5177,609744,38,0.0534545454545454,Low,2015,92.975,Network 14
5180,400034,38,0.0534545454545454,Low,2015,95.35,Charter
5184,609737,38,0.0513454545454545,Low,2016,93.25,Network 14
5186,609744,38,0.0513454545454545,Low,2016,91.8,Network 14
5189,400034,38,0.0513454545454545,Low,2016,94.325,Charter
5193,609737,38,0.0497454545454545,Low,2017,92.625,Network 14
5195,609744,38,0.0497454545454545,Low,2017,91.65,Network 14
5198,400034,38,0.0497454545454545,Low,2017,93.25,Charter
5202,609737,38,0.0474363636363636,Low,2018,93.125,Network 14
5204,609744,38,0.0474363636363636,Low,2018,90.975,Network 14
5207,400034,38,0.0474363636363636,Low,2018,93.975,Charter
5211,609737,38,0.0333272727272727,Low,2019,91.5,Network 14
5213,609744,38,0.0333272727272727,Low,2019,91.5,Network 14
5216,400034,38,0.0333272727272727,Low,2019,93.975,Charter
5229,609737,38,0.0362363636363636,Low,2021,88.375,Network 14
5231,609744,38,0.0362363636363636,Low,2021,83.25,Network 14
5234,400034,38,0.0362363636363636,Low,2021,98.35,Charter
5238,609737,38,0.0403454545454545,Low,2022,87.375,Network 14
5240,609744,38,0.0403454545454545,Low,2022,85.3,Network 14
5243,400034,38,0.0403454545454545,Low,2022,89.175,Charter
5257,400141,39,0.0509090909090909,Low,2013,80.2,Options
5260,610394,39,0.0509090909090909,Low,2013,86.475,Network 14
5264,400141,39,0.0447454545454545,Low,2014,81.76666666666667,Options
5267,610394,39,0.0447454545454545,Low,2014,88.275,Network 14
5271,400141,39,0.0489636363636363,Low,2015,77.5,Options
5274,610394,39,0.0489636363636363,Low,2015,90.3,Network 14
5278,400141,39,0.0478545454545454,Low,2016,70.0,Options
5281,610394,39,0.0478545454545454,Low,2016,89.75,Network 14
5285,400141,39,0.0487090909090909,Low,2017,73.275,Options
5288,610394,39,0.0487090909090909,Low,2017,86.65,Network 14
5292,400141,39,0.0456545454545454,Low,2018,65.9,Options
5295,610394,39,0.0456545454545454,Low,2018,84.5,Network 14
5299,400141,39,0.0401636363636363,Low,2019,61.16666666666666,Options
5302,610394,39,0.0401636363636363,Low,2019,85.69999999999999,Network 14
5313,400141,39,0.0358727272727272,Low,2021,60.66666666666666,Options
5316,610394,39,0.0358727272727272,Low,2021,66.4,Network 14
5320,400141,39,0.0460181818181818,Low,2022,51.73333333333333,Options
5323,610394,39,0.0460181818181818,Low,2022,75.325,Network 14
5337,610524,40,0.0564,Low,2013,90.85,Network 15
5347,610524,40,0.0498727272727272,Low,2014,88.30000000000001,Network 15
5357,610524,40,0.046090909090909,Low,2015,90.85,Network 15
5367,610524,40,0.0491454545454545,Low,2016,91.125,Network 15
5377,610524,40,0.0515090909090909,Low,2017,88.275,Network 15
5387,610524,40,0.0538181818181818,Low,2018,90.6,Network 15
5397,610524,40,0.050090909090909,Low,2019,90.725,Network 15
5417,610524,40,0.0467818181818181,Low,2021,80.275,Network 15
5427,610524,40,0.0546,Low,2022,83.9,Network 15
5452,609740,41,0.0637454545454545,Medium,2013,80.225,Network 15
5458,610529,41,0.0637454545454545,Medium,2013,89.85,Network 15
5462,400055,41,0.0637454545454545,Medium,2013,94.35,Charter
5464,609759,41,0.0637454545454545,Medium,2013,81.44999999999999,Network 15
5468,609740,41,0.0617090909090909,Medium,2014,86.25,Network 15
5474,610529,41,0.0617090909090909,Medium,2014,89.525,Network 15
5478,400055,41,0.0617090909090909,Medium,2014,94.35,Charter
5480,609759,41,0.0617090909090909,Medium,2014,82.325,Network 15
5484,609740,41,0.0577090909090909,Low,2015,88.775,Network 15
5490,610529,41,0.0577090909090909,Low,2015,91.925,Network 15
5494,400055,41,0.0577090909090909,Low,2015,94.2,Charter
5496,609759,41,0.0577090909090909,Low,2015,81.625,Network 15
5500,609740,41,0.0606363636363636,Medium,2016,90.625,Network 15
5506,610529,41,0.0606363636363636,Medium,2016,92.8,Network 15
5510,400055,41,0.0606363636363636,Medium,2016,94.075,Charter
5512,609759,41,0.0606363636363636,Medium,2016,81.925,Network 15
5516,609740,41,0.0543090909090909,Low,2017,88.625,Network 15
5522,610529,41,0.0543090909090909,Low,2017,92.775,Network 15
5526,400055,41,0.0543090909090909,Low,2017,93.075,Charter
5528,609759,41,0.0543090909090909,Low,2017,82.25,Network 15
5532,609740,41,0.0538727272727272,Low,2018,89.7,Network 15
5538,610529,41,0.0538727272727272,Low,2018,93.325,Network 15
5542,400055,41,0.0538727272727272,Low,2018,93.0,Charter
5544,609759,41,0.0538727272727272,Low,2018,80.65,Network 15
5548,609740,41,0.0528727272727272,Low,2019,86.325,Network 15
5554,610529,41,0.0528727272727272,Low,2019,90.275,Network 15
5558,400055,41,0.0528727272727272,Low,2019,93.125,Charter
5560,609759,41,0.0528727272727272,Low,2019,79.44999999999999,Network 15
5580,609740,41,0.0488181818181818,Low,2021,80.625,Network 15
5586,610529,41,0.0488181818181818,Low,2021,84.875,Network 15
5590,400055,41,0.0488181818181818,Low,2021,79.10000000000001,Charter
5592,609759,41,0.0488181818181818,Low,2021,69.375,Network 15
5596,609740,41,0.055,Low,2022,74.95,Network 15
5602,610529,41,0.055,Low,2022,82.65,Network 15
5606,400055,41,0.055,Low,2022,81.5,Charter
5608,609759,41,0.055,Low,2022,67.65,Network 15
5626,609753,42,0.2439636363636363,High,2013,92.95,ISP
5630,609725,42,0.2439636363636363,High,2013,85.875,Network 16
5638,609753,42,0.2182545454545454,High,2014,93.675,ISP
5642,609725,42,0.2182545454545454,High,2014,85.35,Network 16
5650,609753,42,0.2265272727272727,High,2015,93.45,ISP
5654,609725,42,0.2265272727272727,High,2015,84.875,Network 16
5662,609753,42,0.2687818181818182,High,2016,93.325,ISP
5666,609725,42,0.2687818181818182,High,2016,87.675,Network 16
5674,609753,42,0.3170363636363636,High,2017,93.825,ISP
5678,609725,42,0.3170363636363636,High,2017,85.075,Network 16
5686,609753,42,0.3303636363636363,High,2018,94.225,ISP
5690,609725,42,0.3303636363636363,High,2018,83.075,Network 16
5698,609753,42,0.3030545454545454,High,2019,93.275,ISP
5702,609725,42,0.3030545454545454,High,2019,83.775,Network 16
5722,609753,42,0.1657272727272727,High,2021,89.9,ISP
5726,609725,42,0.1657272727272727,High,2021,79.9,Network 16
5734,609753,42,0.2303454545454545,High,2022,90.25,ISP
5738,609725,42,0.2303454545454545,High,2022,69.625,Network 16
5769,609761,43,0.0710909090909091,Medium,2013,78.60000000000001,Network 17
5770,609710,43,0.0710909090909091,Medium,2013,70.575,Network 17
5771,609726,43,0.0710909090909091,Medium,2013,88.975,ISP
5774,609760,43,0.0710909090909091,Medium,2013,92.175,Network 17
5789,609761,43,0.0638363636363636,Medium,2014,80.175,Network 17
5790,609710,43,0.0638363636363636,Medium,2014,77.625,Network 17
5791,609726,43,0.0638363636363636,Medium,2014,89.175,ISP
5794,609760,43,0.0638363636363636,Medium,2014,94.125,Network 17
5799,400156,43,0.0638363636363636,Medium,2014,92.6,Charter
5809,609761,43,0.0585636363636363,Low,2015,80.225,Network 17
5810,609710,43,0.0585636363636363,Low,2015,79.35,Network 17
5811,609726,43,0.0585636363636363,Low,2015,92.05,ISP
5814,609760,43,0.0585636363636363,Low,2015,94.2,Network 17
5819,400156,43,0.0585636363636363,Low,2015,93.65,Charter
5829,609761,43,0.0663636363636363,Medium,2016,82.3,Network 17
5830,609710,43,0.0663636363636363,Medium,2016,82.95,Network 17
5831,609726,43,0.0663636363636363,Medium,2016,92.0,ISP
5834,609760,43,0.0663636363636363,Medium,2016,94.05,Network 17
5839,400156,43,0.0663636363636363,Medium,2016,93.1,Charter
5849,609761,43,0.0730545454545454,Medium,2017,78.95,Network 17
5850,609710,43,0.0730545454545454,Medium,2017,82.175,Network 17
5851,609726,43,0.0730545454545454,Medium,2017,90.9,ISP
5854,609760,43,0.0730545454545454,Medium,2017,92.75,Network 17
5859,400156,43,0.0730545454545454,Medium,2017,93.2,Charter
5864,400161,43,0.0787454545454545,Medium,2018,92.9,Charter
5869,609761,43,0.0787454545454545,Medium,2018,83.875,Network 17
5870,609710,43,0.0787454545454545,Medium,2018,83.2,Network 17
5871,609726,43,0.0787454545454545,Medium,2018,88.625,ISP
5874,609760,43,0.0787454545454545,Medium,2018,91.675,Network 17
5879,400156,43,0.0787454545454545,Medium,2018,93.8,Charter
5884,400161,43,0.056,Low,2019,89.1,Charter
5889,609761,43,0.056,Low,2019,85.4,Network 17
5890,609710,43,0.056,Low,2019,81.9,Network 17
5891,609726,43,0.056,Low,2019,89.175,ISP
5894,609760,43,0.056,Low,2019,92.425,Network 17
5899,400156,43,0.056,Low,2019,92.225,Charter
5924,400161,43,0.0416545454545454,Low,2021,82.925,Charter
5929,609761,43,0.0416545454545454,Low,2021,76.275,Network 17
5930,609710,43,0.0416545454545454,Low,2021,70.425,Network 17
5931,609726,43,0.0416545454545454,Low,2021,89.625,ISP
5934,609760,43,0.0416545454545454,Low,2021,82.67500000000001,Network 17
5939,400156,43,0.0416545454545454,Low,2021,70.2,Charter
5944,400161,43,0.0485454545454545,Low,2022,76.625,Charter
5949,609761,43,0.0485454545454545,Low,2022,75.125,Network 17
5950,609710,43,0.0485454545454545,Low,2022,70.1,Network 17
5951,609726,43,0.0485454545454545,Low,2022,85.475,ISP
5954,609760,43,0.0485454545454545,Low,2022,86.45,Network 17
5959,400156,43,0.0485454545454545,Low,2022,78.275,Charter
5977,610340,44,0.0906181818181818,Medium,2013,92.625,AUSL
5982,609679,44,0.0906181818181818,Medium,2013,88.475,Network 15
5988,609732,44,0.0906181818181818,Medium,2013,87.45,Network 14
5989,609691,44,0.0906181818181818,Medium,2013,88.1,Network 15
5991,610340,44,0.0737818181818181,Medium,2014,93.025,AUSL
5996,609679,44,0.0737818181818181,Medium,2014,87.75,Network 15
6002,609732,44,0.0737818181818181,Medium,2014,88.2,Network 14
6003,609691,44,0.0737818181818181,Medium,2014,88.35,Network 15
6005,610340,44,0.0734727272727272,Medium,2015,91.3,AUSL
6010,609679,44,0.0734727272727272,Medium,2015,88.15,Network 15
6016,609732,44,0.0734727272727272,Medium,2015,88.44999999999999,Network 14
6017,609691,44,0.0734727272727272,Medium,2015,87.575,Network 15
6019,610340,44,0.0799454545454545,Medium,2016,93.05,AUSL
6024,609679,44,0.0799454545454545,Medium,2016,88.85,Network 15
6030,609732,44,0.0799454545454545,Medium,2016,86.125,Network 14
6031,609691,44,0.0799454545454545,Medium,2016,89.25,Network 15
6033,610340,44,0.0728727272727272,Medium,2017,92.3,AUSL
6038,609679,44,0.0728727272727272,Medium,2017,88.4,Network 15
6044,609732,44,0.0728727272727272,Medium,2017,86.55,Network 14
6045,609691,44,0.0728727272727272,Medium,2017,88.5,Network 15
6047,610340,44,0.0779454545454545,Medium,2018,92.925,AUSL
6052,609679,44,0.0779454545454545,Medium,2018,89.0,Network 15
6058,609732,44,0.0779454545454545,Medium,2018,86.8,Network 14
6059,609691,44,0.0779454545454545,Medium,2018,88.125,Network 15
6061,610340,44,0.0769818181818181,Medium,2019,93.45,AUSL
6066,609679,44,0.0769818181818181,Medium,2019,87.7,Network 15
6072,609732,44,0.0769818181818181,Medium,2019,86.45,Network 14
6073,609691,44,0.0769818181818181,Medium,2019,88.425,Network 15
6089,610340,44,0.058690909090909,Low,2021,94.025,AUSL
6094,609679,44,0.058690909090909,Low,2021,84.525,Network 15
6100,609732,44,0.058690909090909,Low,2021,77.3,Network 14
6101,609691,44,0.058690909090909,Low,2021,80.1,Network 15
6103,610340,44,0.069490909090909,Medium,2022,90.25,AUSL
6108,609679,44,0.069490909090909,Medium,2022,82.725,Network 15
6114,609732,44,0.069490909090909,Medium,2022,72.475,Network 14
6115,609691,44,0.069490909090909,Medium,2022,80.75,Network 15
6131,610518,45,0.0589272727272727,Low,2013,79.825,Network 15
6132,610389,45,0.0589272727272727,Low,2013,73.125,AUSL
6137,400144,45,0.0589272727272727,Low,2013,77.89999999999999,Options
6142,610518,45,0.0527818181818181,Low,2014,80.525,Network 15
6143,610389,45,0.0527818181818181,Low,2014,72.075,AUSL
6148,400144,45,0.0527818181818181,Low,2014,81.10000000000001,Options
6153,610518,45,0.0513818181818181,Low,2015,85.025,Network 15
6154,610389,45,0.0513818181818181,Low,2015,77.25,AUSL
6159,400144,45,0.0513818181818181,Low,2015,84.73333333333333,Options
6164,610518,45,0.0508363636363636,Low,2016,81.225,Network 15
6165,610389,45,0.0508363636363636,Low,2016,74.25,AUSL
6170,400144,45,0.0508363636363636,Low,2016,76.86666666666667,Options
6175,610518,45,0.0509818181818181,Low,2017,85.55,Network 15
6176,610389,45,0.0509818181818181,Low,2017,62.15,AUSL
6181,400144,45,0.0509818181818181,Low,2017,66.375,Options
6184,610282,45,0.0504363636363636,Low,2018,94.4,Network 3
6186,610518,45,0.0504363636363636,Low,2018,87.075,Network 15
6187,610389,45,0.0504363636363636,Low,2018,73.575,AUSL
6192,400144,45,0.0504363636363636,Low,2018,68.1,Options
6197,610518,45,0.0456545454545454,Low,2019,79.475,Network 15
6198,610389,45,0.0456545454545454,Low,2019,72.55,AUSL
6203,400144,45,0.0456545454545454,Low,2019,66.7,Options
6219,610518,45,0.0399818181818181,Low,2021,41.35,Network 15
6220,610389,45,0.0399818181818181,Low,2021,58.95,AUSL
6225,400144,45,0.0399818181818181,Low,2021,45.16666666666666,Options
6230,610518,45,0.048890909090909,Low,2022,65.1,Network 15
6231,610389,45,0.048890909090909,Low,2022,71.2,AUSL
6236,400144,45,0.048890909090909,Low,2022,49.53333333333333,Options
6266,610304,46,0.0738363636363636,Medium,2013,95.575,ISP
6268,609755,46,0.0738363636363636,Medium,2013,93.25,ISP
6269,609680,46,0.0738363636363636,Medium,2013,92.45,Network 15
6271,400053,46,0.0738363636363636,Medium,2013,95.375,Charter
6283,400097,46,0.0738363636363636,Medium,2013,93.525,Charter
6284,400143,46,0.0738363636363636,Medium,2013,85.0,Options
6286,400056,46,0.0738363636363636,Medium,2013,93.45,Charter
6291,609783,46,0.0738363636363636,Medium,2013,93.7,Network 16
6294,610304,46,0.0659090909090909,Medium,2014,95.375,ISP
6296,609755,46,0.0659090909090909,Medium,2014,94.625,ISP
6297,609680,46,0.0659090909090909,Medium,2014,93.25,Network 15
6299,400053,46,0.0659090909090909,Medium,2014,94.825,Charter
6301,610561,46,0.0659090909090909,Medium,2014,94.3,Network 15
6311,400097,46,0.0659090909090909,Medium,2014,93.525,Charter
6312,400143,46,0.0659090909090909,Medium,2014,83.56666666666666,Options
6314,400056,46,0.0659090909090909,Medium,2014,92.75,Charter
6319,609783,46,0.0659090909090909,Medium,2014,91.0,Network 16
6322,610304,46,0.0633818181818181,Medium,2015,95.675,ISP
6324,609755,46,0.0633818181818181,Medium,2015,94.2,ISP
6325,609680,46,0.0633818181818181,Medium,2015,92.925,Network 15
6327,400053,46,0.0633818181818181,Medium,2015,95.125,Charter
6329,610561,46,0.0633818181818181,Medium,2015,93.15,Network 15
6334,400170,46,0.0633818181818181,Medium,2015,92.1,Charter
6339,400097,46,0.0633818181818181,Medium,2015,93.25,Charter
6340,400143,46,0.0633818181818181,Medium,2015,76.83333333333333,Options
6342,400056,46,0.0633818181818181,Medium,2015,92.225,Charter
6347,609783,46,0.0633818181818181,Medium,2015,97.525,Network 16
6350,610304,46,0.0621636363636363,Medium,2016,95.325,ISP
6352,609755,46,0.0621636363636363,Medium,2016,94.825,ISP
6353,609680,46,0.0621636363636363,Medium,2016,92.7,Network 15
6355,400053,46,0.0621636363636363,Medium,2016,94.275,Charter
6357,610561,46,0.0621636363636363,Medium,2016,95.0,Network 15
6362,400170,46,0.0621636363636363,Medium,2016,92.6,Charter
6367,400097,46,0.0621636363636363,Medium,2016,94.3,Charter
6368,400143,46,0.0621636363636363,Medium,2016,76.43333333333334,Options
6370,400056,46,0.0621636363636363,Medium,2016,91.625,Charter
6375,609783,46,0.0621636363636363,Medium,2016,98.05,Network 16
6378,610304,46,0.0635636363636363,Medium,2017,95.55,ISP
6380,609755,46,0.0635636363636363,Medium,2017,94.375,ISP
6381,609680,46,0.0635636363636363,Medium,2017,92.475,Network 15
6383,400053,46,0.0635636363636363,Medium,2017,93.125,Charter
6385,610561,46,0.0635636363636363,Medium,2017,90.425,Network 15
6390,400170,46,0.0635636363636363,Medium,2017,93.73333333333332,Charter
6395,400097,46,0.0635636363636363,Medium,2017,93.475,Charter
6396,400143,46,0.0635636363636363,Medium,2017,63.05,Options
6398,400056,46,0.0635636363636363,Medium,2017,89.175,Charter
6403,609783,46,0.0635636363636363,Medium,2017,98.05,Network 16
6406,610304,46,0.0600727272727272,Medium,2018,94.675,ISP
6408,609755,46,0.0600727272727272,Medium,2018,95.225,ISP
6409,609680,46,0.0600727272727272,Medium,2018,92.525,Network 15
6411,400053,46,0.0600727272727272,Medium,2018,93.325,Charter
6413,610561,46,0.0600727272727272,Medium,2018,91.95,Network 15
6418,400170,46,0.0600727272727272,Medium,2018,92.75,Charter
6423,400097,46,0.0600727272727272,Medium,2018,93.5,Charter
6424,400143,46,0.0600727272727272,Medium,2018,59.3,Options
6426,400056,46,0.0600727272727272,Medium,2018,88.89999999999999,Charter
6431,609783,46,0.0600727272727272,Medium,2018,97.8,Network 16
6434,610304,46,0.0592727272727272,Low,2019,94.7,ISP
6436,609755,46,0.0592727272727272,Low,2019,94.425,ISP
6437,609680,46,0.0592727272727272,Low,2019,92.375,Network 15
6439,400053,46,0.0592727272727272,Low,2019,91.4,Charter
6441,610561,46,0.0592727272727272,Low,2019,84.32499999999999,Network 15
6446,400170,46,0.0592727272727272,Low,2019,93.3,Charter
6451,400097,46,0.0592727272727272,Low,2019,92.95,Charter
6452,400143,46,0.0592727272727272,Low,2019,62.0,Options
6454,400056,46,0.0592727272727272,Low,2019,90.625,Charter
6459,609783,46,0.0592727272727272,Low,2019,98.0,Network 16
6490,610304,46,0.0547090909090909,Low,2021,84.725,ISP
6492,609755,46,0.0547090909090909,Low,2021,93.15,ISP
6493,609680,46,0.0547090909090909,Low,2021,91.775,Network 15
6495,400053,46,0.0547090909090909,Low,2021,62.85,Charter
6497,610561,46,0.0547090909090909,Low,2021,73.1,Network 15
6502,400170,46,0.0547090909090909,Low,2021,74.925,Charter
6507,400097,46,0.0547090909090909,Low,2021,77.975,Charter
6508,400143,46,0.0547090909090909,Low,2021,69.83333333333333,Options
6510,400056,46,0.0547090909090909,Low,2021,65.825,Charter
6515,609783,46,0.0547090909090909,Low,2021,98.425,Network 16
6518,610304,46,0.0686909090909091,Medium,2022,88.55,ISP
6520,609755,46,0.0686909090909091,Medium,2022,92.375,ISP
6521,609680,46,0.0686909090909091,Medium,2022,91.7,Network 15
6523,400053,46,0.0686909090909091,Medium,2022,82.425,Charter
6525,610561,46,0.0686909090909091,Medium,2022,74.325,Network 15
6530,400170,46,0.0686909090909091,Medium,2022,85.2,Charter
6535,400097,46,0.0686909090909091,Medium,2022,83.55,Charter
6536,400143,46,0.0686909090909091,Medium,2022,56.1,Options
6538,400056,46,0.0686909090909091,Medium,2022,79.25,Charter
6543,609783,46,0.0686909090909091,Medium,2022,92.075,Network 16
6570,609739,47,0.0570727272727272,Low,2013,85.125,Network 17
6584,609739,47,0.0481636363636363,Low,2014,86.3,Network 17
6598,609739,47,0.0439636363636363,Low,2015,86.7,Network 17
6612,609739,47,0.0481636363636363,Low,2016,87.0,Network 17
6626,609739,47,0.0512363636363636,Low,2017,87.8,Network 17
6628,610193,47,0.0512363636363636,Low,2017,66.7,Network 12
6640,609739,47,0.0483454545454545,Low,2018,88.875,Network 17
6654,609739,47,0.0429454545454545,Low,2019,88.375,Network 17
6682,609739,47,0.0393454545454545,Low,2021,80.2,Network 17
6696,609739,47,0.0476,Low,2022,81.15,Network 17
6712,609735,48,0.0498545454545454,Low,2013,75.35,Network 16
6715,610513,48,0.0498545454545454,Low,2013,89.6,Network 16
6722,609735,48,0.0435090909090909,Low,2014,81.475,Network 16
6725,610513,48,0.0435090909090909,Low,2014,92.225,Network 16
6732,609735,48,0.0432363636363636,Low,2015,80.89999999999999,Network 16
6735,610513,48,0.0432363636363636,Low,2015,92.05,Network 16
6742,609735,48,0.0438363636363636,Low,2016,80.875,Network 16
6745,610513,48,0.0438363636363636,Low,2016,91.325,Network 16
6752,609735,48,0.0465636363636363,Low,2017,80.75,Network 16
6755,610513,48,0.0465636363636363,Low,2017,89.225,Network 16
6762,609735,48,0.0512727272727272,Low,2018,81.55,Network 16
6765,610513,48,0.0512727272727272,Low,2018,91.625,Network 16
6772,609735,48,0.0472727272727272,Low,2019,81.65,Network 16
6775,610513,48,0.0472727272727272,Low,2019,92.15,Network 16
6792,609735,48,0.0458545454545454,Low,2021,62.025,Network 16
6795,610513,48,0.0458545454545454,Low,2021,90.15,Network 16
6802,609735,48,0.0538545454545454,Low,2022,69.375,Network 16
6805,610513,48,0.0538545454545454,Low,2022,85.825,Network 16
6827,400126,49,0.0736727272727272,Medium,2013,77.66666666666667,Options
6828,400131,49,0.0736727272727272,Medium,2013,79.63333333333334,Options
6829,400022,49,0.0736727272727272,Medium,2013,94.45,Contract
6842,400126,49,0.0646363636363636,Medium,2014,81.73333333333333,Options
6843,400131,49,0.0646363636363636,Medium,2014,84.36666666666667,Options
6844,400022,49,0.0646363636363636,Medium,2014,94.825,Contract
6857,400126,49,0.0610727272727272,Medium,2015,60.333333333333336,Options
6858,400131,49,0.0610727272727272,Medium,2015,80.39999999999999,Options
6859,400022,49,0.0610727272727272,Medium,2015,97.125,Contract
6861,609780,49,0.0610727272727272,Medium,2015,92.675,Network 14
6872,400126,49,0.0632363636363636,Medium,2016,65.5,Options
6873,400131,49,0.0632363636363636,Medium,2016,72.53333333333335,Options
6874,400022,49,0.0632363636363636,Medium,2016,96.925,Contract
6876,609780,49,0.0632363636363636,Medium,2016,93.575,Network 14
6887,400126,49,0.0708181818181818,Medium,2017,62.275,Options
6888,400131,49,0.0708181818181818,Medium,2017,69.225,Options
6889,400022,49,0.0708181818181818,Medium,2017,98.925,Contract
6891,609780,49,0.0708181818181818,Medium,2017,92.7,Network 14
6902,400126,49,0.0668,Medium,2018,55.45,Options
6903,400131,49,0.0668,Medium,2018,61.5,Options
6904,400022,49,0.0668,Medium,2018,96.025,Contract
6906,609780,49,0.0668,Medium,2018,93.1,Network 14
6917,400126,49,0.0730727272727272,Medium,2019,60.8,Options
6918,400131,49,0.0730727272727272,Medium,2019,63.56666666666666,Options
6919,400022,49,0.0730727272727272,Medium,2019,97.375,Contract
6921,609780,49,0.0730727272727272,Medium,2019,93.4,Network 14
6945,610594,49,0.0608545454545454,Medium,2021,63.325,Options
6947,400126,49,0.0608545454545454,Medium,2021,62.36666666666667,Options
6948,400131,49,0.0608545454545454,Medium,2021,72.13333333333334,Options
6949,400022,49,0.0608545454545454,Medium,2021,94.2,Contract
6951,609780,49,0.0608545454545454,Medium,2021,86.675,Network 14
6960,610594,49,0.0726909090909091,Medium,2022,49.475,Options
6962,400126,49,0.0726909090909091,Medium,2022,45.8,Options
6963,400131,49,0.0726909090909091,Medium,2022,55.3,Options
6964,400022,49,0.0726909090909091,Medium,2022,95.175,Contract
6966,609780,49,0.0726909090909091,Medium,2022,84.025,Network 14
6984,609729,50,0.0574181818181818,Low,2013,81.775,Network 14
6993,609729,50,0.0509090909090909,Low,2014,85.175,Network 14
7000,610564,50,0.0509090909090909,Low,2014,92.3,Network 14
7002,609729,50,0.046690909090909,Low,2015,86.5,Network 14
7009,610564,50,0.046690909090909,Low,2015,90.8,Network 14
7011,609729,50,0.049090909090909,Low,2016,85.15,Network 14
7018,610564,50,0.049090909090909,Low,2016,89.60000000000001,Network 14
7020,609729,50,0.0538363636363636,Low,2017,82.25,Network 14
7027,610564,50,0.0538363636363636,Low,2017,86.67500000000001,Network 14
7029,609729,50,0.0511636363636363,Low,2018,85.15,Network 14
7036,610564,50,0.0511636363636363,Low,2018,88.15,Network 14
7038,609729,50,0.0479454545454545,Low,2019,85.875,Network 14
7045,610564,50,0.0479454545454545,Low,2019,88.125,Network 14
7056,609729,50,0.0416545454545454,Low,2021,77.225,Network 14
7063,610564,50,0.0416545454545454,Low,2021,86.875,Network 14
7065,609729,50,0.0552545454545454,Low,2022,72.425,Network 14
7072,610564,50,0.0552545454545454,Low,2022,82.55,Network 14
