sch_id,ca_id,fin_id,tot_student,perc_low_income,perc_black_stu,perc_hisp_stu,perc_white_stu,bus_count
400011,28,66151,317,0.8391167192429022,0.9873817034700315,0.012618296529968454,0.0,3
609958,55,29121,652,0.7760736196319018,0.02147239263803681,0.9233128834355828,0.015337423312883436,2
400049,30,67071,447,0.8456375838926175,0.9373601789709173,0.049217002237136466,0.006711409395973154,0
400147,74,63141,208,0.7451923076923077,0.9567307692307693,0.02403846153846154,0.0,1
609682,59,53051,273,0.8644688644688645,0.4139194139194139,0.5274725274725275,0.003663003663003663,3
609737,13,47081,1635,0.6422018348623854,0.09969418960244648,0.5535168195718655,0.1620795107033639,4
609804,20,22271,732,0.755464480874317,0.10382513661202186,0.39617486338797814,0.12568306010928962,1
609821,48,22431,423,0.817966903073286,0.9550827423167849,0.03546099290780142,0.002364066193853428,3
610046,19,24281,1053,0.7787274453941121,0.011396011396011397,0.8983855650522318,0.05698005698005698,2
610107,25,24791,325,0.796923076923077,0.32,0.5907692307692308,0.046153846153846156,3
609920,32,29071,418,0.8516746411483254,0.009569377990430622,0.9904306220095693,0.0,2
609922,19,26771,499,0.6693386773547094,0.01603206412825651,0.9639278557114228,0.008016032064128256,2
609926,37,29081,367,0.4114441416893733,0.5204359673024523,0.1362397820163488,0.2561307901907357,2
609935,49,29091,614,0.8175895765472313,0.06188925081433225,0.9234527687296417,0.009771986970684038,0
609944,52,23361,302,0.695364238410596,0.1357615894039735,0.7682119205298014,0.08940397350993377,0
609976,76,23621,877,0.7046750285062714,0.1961231470923603,0.4264538198403649,0.09007981755986318,4
609981,53,23671,319,0.7523510971786834,0.31974921630094044,0.6520376175548589,0.01567398119122257,2
609997,66,23831,120,0.8,0.8833333333333333,0.10833333333333334,0.0,3
610110,1,24811,286,0.7237762237762237,0.8391608391608392,0.017482517482517484,0.0,3
610192,24,25521,562,0.798932384341637,0.09252669039145907,0.8754448398576512,0.017793594306049824,2
610304,29,55011,455,0.8835164835164835,0.13186813186813187,0.8219780219780219,0.026373626373626374,3
610148,59,25151,814,0.8513513513513513,0.01597051597051597,0.9766584766584766,0.002457002457002457,3
610167,59,25301,451,0.8536585365853658,0.019955654101995565,0.9623059866962306,0.008869179600886918,2
610182,13,25431,341,0.41348973607038125,0.05865102639296188,0.18181818181818182,0.40175953079178883,1
610230,12,25881,467,0.16059957173447537,0.042826552462526764,0.19914346895074947,0.5952890792291221,0
610219,49,25771,633,0.6951026856240127,0.04265402843601896,0.8988941548183255,0.04897314375987362,2
610231,34,32031,755,0.5774834437086093,0.7271523178807947,0.059602649006622516,0.11125827814569536,4
610246,7,29321,1046,0.6510516252390057,0.9674952198852772,0.015296367112810707,0.0,3
610252,29,26031,252,0.7579365079365079,0.9206349206349206,0.06746031746031746,0.0,2
610269,31,26201,313,0.7156549520766773,0.49201277955271566,0.2364217252396166,0.07028753993610223,5
610559,55,27091,444,0.9346846846846847,0.015765765765765764,0.9819819819819819,0.0022522522522522522,0
610548,29,22711,396,0.37373737373737376,0.35858585858585856,0.20707070707070707,0.06818181818181818,0
610594,25,69618,142,0.8732394366197183,0.3873239436619718,0.5704225352112676,0.035211267605633804,0
400107,42,66563,412,0.7912621359223301,0.8956310679611651,0.0970873786407767,0.0024271844660194173,4
610036,26,24151,378,0.791005291005291,0.5767195767195767,0.40476190476190477,0.0026455026455026454,2
610542,20,22381,627,0.7256778309409888,0.13078149920255183,0.215311004784689,0.3189792663476874,0
610005,30,23901,192,0.7604166666666666,0.9270833333333334,0.057291666666666664,0.005208333333333333,2
609693,24,53071,1194,0.7696817420435511,0.46147403685092125,0.4187604690117253,0.024288107202680067,2
400146,26,0,607,0.8088962108731467,0.9060955518945635,0.02800658978583196,0.0032948929159802307,0
610157,61,25231,1031,0.8457807953443259,0.0009699321047526673,0.9699321047526673,0.01745877788554801,3
609979,58,0,1221,0.7346437346437347,0.02375102375102375,0.15233415233415235,0.043407043407043405,3
609964,59,23511,542,0.8247232472324724,0.07195571955719557,0.9077490774907749,0.01107011070110701,3
610541,22,22341,639,0.8137715179968701,0.02034428794992175,0.9342723004694836,0.03599374021909233,3
609850,57,22661,314,0.7452229299363057,0.22611464968152867,0.6369426751592356,0.06687898089171974,2
610213,9,25711,480,0.71875,0.9458333333333333,0.03125,0.004166666666666667,0
610141,57,25061,536,0.28171641791044777,0.08022388059701492,0.2891791044776119,0.4701492537313433,2
400009,53,63011,461,0.5986984815618221,0.015184381778741865,0.9327548806941431,0.03253796095444685,3
610293,27,26351,273,0.8278388278388278,0.9633699633699634,0.03296703296703297,0.003663003663003663,3
400130,70,66614,59,0.8813559322033898,0.9491525423728814,0.03389830508474576,0.0,2
610159,16,25241,641,0.7831513260530422,0.031201248049921998,0.8814352574102964,0.06396255850234009,2
609987,3,31121,181,0.8232044198895028,0.8950276243093923,0.09392265193370165,0.0055248618784530384,2
610070,6,24471,668,0.45808383233532934,0.08532934131736528,0.5598802395209581,0.23203592814371257,2
610340,17,46481,556,0.7913669064748201,0.0539568345323741,0.7535971223021583,0.15467625899280577,3
400167,61,63181,738,0.8739837398373984,0.27235772357723576,0.7100271002710027,0.014905149051490514,0
609884,17,22941,754,0.506631299734748,0.015915119363395226,0.596816976127321,0.2984084880636605,0
609927,70,23261,297,0.7070707070707071,0.9696969696969697,0.026936026936026935,0.0,3
400021,26,66432,510,0.8313725490196079,0.9784313725490196,0.01568627450980392,0.0,0
610122,76,24891,1063,0.33866415804327377,0.07714016933207903,0.32267168391345247,0.464722483537159,3
400172,22,66255,490,0.7612244897959184,0.02857142857142857,0.9469387755102041,0.014285714285714285,1
609848,51,22641,231,0.8484848484848485,0.9653679653679653,0.03463203463203463,0.0,1
610029,25,0,160,0.5875,0.24375,0.6375,0.06875,1
610203,61,25631,803,0.7559153175591532,0.026151930261519303,0.9576587795765878,0.008717310087173101,4
610520,25,29101,581,0.2908777969018933,0.20309810671256454,0.42168674698795183,0.2685025817555938,2
609872,33,22861,267,0.7340823970037453,0.026217228464419477,0.9325842696629213,0.018726591760299626,3
609788,71,22131,267,0.6741573033707865,0.9176029962546817,0.033707865168539325,0.026217228464419477,0
610369,70,26651,348,0.7816091954022989,0.9741379310344828,0.014367816091954023,0.008620689655172414,2
400027,16,66074,532,0.6090225563909775,0.06203007518796992,0.7481203007518797,0.11466165413533834,0
610037,59,24171,257,0.8093385214007782,0.6264591439688716,0.3540856031128405,0.01556420233463035,2
400085,54,66394,638,0.8636363636363636,0.012539184952978056,0.9655172413793104,0.01567398119122257,2
610263,67,26141,657,0.8143074581430746,0.958904109589041,0.0273972602739726,0.0015220700152207,2
609698,69,46041,637,0.7974882260596546,0.5667189952904239,0.41130298273155413,0.009419152276295133,3
610191,20,29291,555,0.5459459459459459,0.24144144144144145,0.11891891891891893,0.23963963963963963,2
610145,15,25111,745,0.6738255033557047,0.038926174496644296,0.7624161073825504,0.14899328859060404,3
609973,32,23611,520,0.8038461538461539,0.0,0.9961538461538462,0.0038461538461538464,2
610242,31,25991,447,0.6868008948545862,0.5302013422818792,0.2639821029082774,0.06711409395973154,3
609716,21,46191,491,0.8370672097759674,0.08757637474541752,0.8737270875763747,0.026476578411405296,2
609740,25,51071,310,0.6903225806451613,0.46774193548387094,0.3580645161290323,0.15161290322580645,3
400081,33,66392,242,0.8099173553719008,0.01652892561983471,0.9793388429752066,0.0,0
610065,9,24441,317,0.8107255520504731,0.9558359621451105,0.04100946372239748,0.0,4
609756,54,53101,2903,0.8653117464691699,0.09989665862900447,0.8635893902859111,0.011023079572855667,2
400064,34,66051,365,0.8273972602739726,0.9506849315068493,0.024657534246575342,0.005479452054794521,4
610084,73,29211,213,0.3051643192488263,0.29577464788732394,0.14084507042253522,0.14084507042253522,1
610044,24,24251,308,0.8084415584415584,0.2532467532467532,0.7012987012987013,0.016233766233766232,2
400044,30,66261,905,0.850828729281768,0.938121546961326,0.05303867403314917,0.0011049723756906078,0
609900,45,23061,376,0.7845744680851063,0.9335106382978723,0.05053191489361702,0.007978723404255319,3
610298,40,29361,290,0.25517241379310346,0.6275862068965518,0.04827586206896552,0.13793103448275862,0
610105,36,24771,597,0.19597989949748743,0.01675041876046901,0.2814070351758794,0.5979899497487438,2
400058,30,66091,313,0.9041533546325878,0.9840255591054313,0.012779552715654952,0.0,2
400046,30,66211,512,0.8359375,0.943359375,0.017578125,0.0,0
610593,74,69617,161,0.7391304347826086,0.9503105590062112,0.043478260869565216,0.0,2
609857,16,22741,470,0.6680851063829787,0.031914893617021274,0.7851063829787234,0.10638297872340426,1
610041,18,24231,1148,0.7560975609756098,0.037456445993031356,0.8353658536585366,0.10365853658536585,0
400030,19,66221,543,0.8084714548802947,0.07366482504604052,0.9097605893186004,0.007366482504604052,3
610312,44,26421,118,0.7542372881355932,0.9745762711864406,0.01694915254237288,0.0,3
609755,29,47101,2149,0.3624941833410889,0.17124243834341554,0.285248953001396,0.2517449976733364,3
610017,32,29151,883,0.7995469988674971,0.05096262740656852,0.942242355605889,0.0033975084937712344,2
610196,76,25571,547,0.6636197440585009,0.24680073126142596,0.28153564899451555,0.1663619744058501,4
400161,50,66671,247,0.8704453441295547,0.9757085020242915,0.016194331983805668,0.004048582995951417,1
610352,69,26831,671,0.7213114754098361,0.11624441132637854,0.834575260804769,0.03427719821162444,2
610521,65,29391,128,0.703125,0.84375,0.1484375,0.0,1
609977,9,23631,186,0.6666666666666666,1.0,0.0,0.0,2
609993,59,23791,320,0.8125,0.0625,0.91875,0.00625,1
609777,58,22061,246,0.7317073170731707,0.12195121951219512,0.7032520325203252,0.09349593495934959,0
610248,17,45211,565,0.6831858407079646,0.03185840707964602,0.736283185840708,0.184070796460177,0
610132,47,29261,227,0.34801762114537443,0.8414096916299559,0.07488986784140969,0.03524229074889868,1
609720,46,46221,4476,0.35344057193923145,0.06478999106344951,0.34629133154602326,0.3831546023235031,4
610282,26,26301,355,0.8394366197183099,0.7915492957746478,0.18028169014084508,0.008450704225352112,2
610563,59,46551,1005,0.9154228855721394,0.01691542288557214,0.9562189054726368,0.004975124378109453,3
609762,72,46401,426,0.8380281690140845,0.9647887323943662,0.02112676056338028,0.002347417840375587,5
610089,16,24621,493,0.48884381338742394,0.04462474645030426,0.5862068965517241,0.31237322515212984,2
400071,65,66471,423,0.7612293144208038,0.9550827423167849,0.028368794326241134,0.004728132387706856,2
400136,47,66621,83,0.7108433734939759,0.7710843373493976,0.20481927710843373,0.012048192771084338,2
610391,65,46511,1390,0.5230215827338129,0.6935251798561151,0.26187050359712233,0.02805755395683453,3
609897,65,23031,247,0.7935222672064778,0.8461538461538461,0.1417004048582996,0.004048582995951417,3
610083,36,30051,316,0.25316455696202533,0.06962025316455696,0.4525316455696203,0.34177215189873417,3
609952,56,23431,303,0.7755775577557755,0.026402640264026403,0.8679867986798679,0.036303630363036306,1
400086,66,66441,155,0.8903225806451613,0.9741935483870968,0.012903225806451613,0.012903225806451613,7
609715,55,46181,1716,0.9213286713286714,0.03263403263403263,0.8298368298368298,0.014568764568764568,3
609815,39,22371,597,0.7738693467336684,0.9597989949748744,0.02680067001675042,0.0033500837520938024,4
609901,12,23071,455,0.12747252747252746,0.01098901098901099,0.1956043956043956,0.5758241758241758,1
610121,29,24881,292,0.6986301369863014,0.8116438356164384,0.11643835616438356,0.04794520547945205,3
609939,45,23321,392,0.7474489795918368,0.9642857142857143,0.03316326530612245,0.002551020408163265,1
400118,30,66575,347,0.8731988472622478,0.9827089337175793,0.01440922190201729,0.002881844380403458,1
609863,25,22791,292,0.3767123287671233,0.0958904109589041,0.22602739726027396,0.6404109589041096,2
400050,56,66271,409,0.7383863080684596,0.029339853300733496,0.8899755501222494,0.061124694376528114,2
609803,57,22261,631,0.10301109350237718,0.02694136291600634,0.1537242472266244,0.6656101426307448,1
610178,47,25391,176,0.75,0.9545454545454546,0.03977272727272727,0.005681818181818182,3
609729,16,46281,1279,0.856137607505864,0.09147771696637999,0.8334636434714621,0.03831118060985145,2
609748,32,49041,184,0.6684782608695652,0.7554347826086957,0.23369565217391305,0.005434782608695652,0
400153,55,66602,543,0.8342541436464088,0.009208103130755065,0.988950276243094,0.001841620626151013,0
610357,32,46461,75,0.9066666666666666,0.0,0.9866666666666667,0.0,2
610112,66,31181,354,0.7966101694915254,0.9858757062146892,0.011299435028248588,0.0,2
609947,59,23391,327,0.7920489296636085,0.2599388379204893,0.46788990825688076,0.26605504587155965,3
610024,32,24051,819,0.8400488400488401,0.031746031746031744,0.9572649572649573,0.007326007326007326,2
610530,39,22251,254,0.610236220472441,0.9645669291338582,0.027559055118110236,0.0,0
609796,11,22201,970,0.3731958762886598,0.04020618556701031,0.34845360824742266,0.36597938144329895,10
610097,21,24681,593,0.7706576728499157,0.026981450252951095,0.954468802698145,0.011804384485666104,2
610171,42,25331,466,0.7703862660944206,0.5429184549356223,0.43776824034334766,0.004291845493562232,5
609832,53,22501,611,0.502454991816694,0.03436988543371522,0.6939443535188216,0.25859247135842883,2
400173,55,66801,454,0.7819383259911894,0.04185022026431718,0.9229074889867841,0.022026431718061675,0
610316,44,26441,194,0.6030927835051546,0.9432989690721649,0.04639175257731959,0.0,4
400126,24,66109,72,0.7638888888888888,0.375,0.5138888888888888,0.027777777777777776,4
609988,16,23731,455,0.789010989010989,0.035164835164835165,0.8241758241758241,0.07252747252747253,2
610158,26,29271,427,0.5714285714285714,0.3793911007025761,0.4964871194379391,0.08430913348946135,2
610385,32,55181,263,0.8479087452471483,0.17110266159695817,0.8212927756653993,0.0038022813688212928,4
609709,61,46141,330,0.8393939393939394,0.3242424242424242,0.6575757575757576,0.00909090909090909,3
610055,28,24371,170,0.8764705882352941,0.9529411764705882,0.047058823529411764,0.0,5
400119,27,66641,242,0.8801652892561983,0.9752066115702479,0.02066115702479339,0.0,1
609891,1,22991,257,0.8054474708171206,1.0,0.0,0.0,3
400094,42,63081,325,0.9415384615384615,0.5476923076923077,0.4,0.009230769230769232,3
609808,45,22301,445,0.8292134831460675,0.9438202247191011,0.051685393258426963,0.0022471910112359553,3
609907,28,29051,355,0.8253521126760563,0.9887323943661972,0.008450704225352112,0.0028169014084507044,3
610034,30,31161,224,0.8348214285714286,0.96875,0.022321428571428572,0.008928571428571428,2
610126,1,29251,418,0.7129186602870813,0.9521531100478469,0.02631578947368421,0.009569377990430622,2
609679,19,53041,1150,0.888695652173913,0.2382608695652174,0.7356521739130435,0.017391304347826087,3
610054,48,24361,647,0.7727975270479135,0.1035548686244204,0.8639876352395672,0.02009273570324575,1
400131,25,66615,97,0.7938144329896907,0.28865979381443296,0.6804123711340206,0.020618556701030927,2
609873,30,31041,118,0.8559322033898306,0.8983050847457628,0.09322033898305085,0.0,1
609680,37,70020,1230,0.3024390243902439,0.08943089430894309,0.24390243902439024,0.37642276422764226,3
610076,25,24551,431,0.6774941995359629,0.14385150812064965,0.7378190255220418,0.08584686774941995,3
400168,42,66951,514,0.7645914396887159,0.8988326848249028,0.09533073929961089,0.0,0
609842,61,22601,808,0.8131188118811881,0.028465346534653466,0.9628712871287128,0.0024752475247524753,2
610048,37,24311,251,0.8286852589641435,0.9601593625498008,0.035856573705179286,0.0,3
610096,61,24671,978,0.8292433537832311,0.006134969325153374,0.9734151329243353,0.0081799591002045,3
609867,33,22831,404,0.8663366336633663,0.022277227722772276,0.9702970297029703,0.0024752475247524753,3
610199,50,26751,195,0.6717948717948717,0.9538461538461539,0.046153846153846156,0.0,1
610225,50,25831,273,0.6923076923076923,0.8717948717948718,0.01098901098901099,0.003663003663003663,0
609904,26,23101,440,0.7454545454545455,0.9636363636363636,0.031818181818181815,0.0022727272727272726,1
609820,57,22421,492,0.13617886178861788,0.014227642276422764,0.16869918699186992,0.6300813008130082,3
610125,33,24931,431,0.765661252900232,0.02320185614849188,0.951276102088167,0.016241299303944315,2
400022,25,63051,598,0.520066889632107,0.3394648829431438,0.3896321070234114,0.16387959866220736,4
609849,73,22651,350,0.18,0.06285714285714286,0.2342857142857143,0.6685714285714286,1
400092,51,66076,254,0.7401574803149606,0.9330708661417323,0.023622047244094488,0.0,1
610030,8,31151,260,0.6269230769230769,0.8153846153846154,0.06538461538461539,0.038461538461538464,4
400169,19,66149,1094,0.783363802559415,0.10054844606946983,0.8848263254113345,0.008226691042047532,0
610533,19,22581,743,0.8411843876177658,0.029609690444145357,0.955585464333782,0.005383580080753701,2
610206,53,25661,920,0.6760869565217391,0.016304347826086956,0.8847826086956522,0.0891304347826087,2
610109,69,29241,265,0.5433962264150943,0.9773584905660377,0.01509433962264151,0.0,1
609874,75,22871,1096,0.5812043795620438,0.028284671532846715,0.13777372262773724,0.6587591240875912,2
610226,61,26721,738,0.7926829268292683,0.016260162601626018,0.9634146341463414,0.01084010840108401,3
609786,41,22101,232,0.7456896551724138,0.9870689655172413,0.008620689655172414,0.0,3
610032,72,24131,304,0.756578947368421,0.9802631578947368,0.013157894736842105,0.0,2
609807,69,32021,464,0.8038793103448276,0.46120689655172414,0.5193965517241379,0.010775862068965518,1
610016,71,23971,280,0.32857142857142857,0.8678571428571429,0.02857142857142857,0.1,3
610234,23,25911,284,0.8204225352112676,0.23591549295774647,0.6971830985915493,0.04225352112676056,2
609966,32,23531,231,0.8311688311688312,0.12987012987012986,0.8398268398268398,0.012987012987012988,2
609921,32,23231,219,0.7579908675799086,0.0273972602739726,0.908675799086758,0.0593607305936073,2
609862,42,22771,265,0.7320754716981132,0.9471698113207547,0.045283018867924525,0.0,2
609983,59,23681,480,0.7854166666666667,0.01875,0.96875,0.010416666666666666,1
400059,30,66092,418,0.9473684210526315,0.9688995215311005,0.019138755980861243,0.0023923444976076554,3
610380,4,55161,71,0.9154929577464789,0.971830985915493,0.014084507042253521,0.0,3
609724,20,46241,1610,0.7888198757763976,0.14782608695652175,0.48074534161490684,0.13229813664596274,3
610287,69,32081,355,0.752112676056338,0.8056338028169014,0.18028169014084508,0.005633802816901409,1
609912,11,23161,486,0.5267489711934157,0.043209876543209874,0.43415637860082307,0.35185185185185186,3
400111,70,66564,463,0.7602591792656588,0.978401727861771,0.01511879049676026,0.0021598272138228943,0
610092,26,24641,236,0.7584745762711864,0.864406779661017,0.1271186440677966,0.0,2
609769,34,49101,238,0.9201680672268907,0.3739495798319328,0.5378151260504201,0.029411764705882353,0
400123,26,66106,102,0.7941176470588235,0.9411764705882353,0.0392156862745098,0.00980392156862745,2
610068,19,24461,1154,0.7686308492201039,0.03119584055459272,0.9471403812824957,0.011265164644714038,2
610543,61,46101,1213,0.9043693322341303,0.00989282769991756,0.9719703215169002,0.009068425391591096,3
610098,24,24691,582,0.7800687285223368,0.14604810996563575,0.8384879725085911,0.010309278350515464,3
609883,67,22931,479,0.755741127348643,0.9853862212943633,0.014613778705636743,0.0,2
400039,25,66331,378,0.798941798941799,0.15343915343915343,0.8015873015873016,0.023809523809523808,1
609692,40,53061,1142,0.9133099824868651,0.9842381786339754,0.00788091068301226,0.0,2
609730,76,47061,1508,0.7241379310344828,0.2625994694960212,0.4005305039787798,0.1770557029177719,3
400053,25,66145,643,0.7900466562986003,0.2255054432348367,0.7371695178849145,0.02177293934681182,3
400135,32,66619,120,0.775,0.058333333333333334,0.925,0.008333333333333333,2
610139,47,25041,302,0.7748344370860927,0.7947019867549668,0.19536423841059603,0.006622516556291391,2
609834,32,22521,609,0.8423645320197044,0.0016420361247947454,0.9950738916256158,0.0016420361247947454,2
610299,66,26371,242,0.8636363636363636,0.9545454545454546,0.03305785123966942,0.004132231404958678,2
610170,55,20071,768,0.76953125,0.0078125,0.9739583333333334,0.01171875,2
609853,23,22701,379,0.6464379947229552,0.09762532981530343,0.6807387862796834,0.1741424802110818,2
609779,20,22081,1236,0.7483818770226537,0.2783171521035599,0.37459546925566345,0.09466019417475728,1
400101,55,66398,408,0.8333333333333334,0.0024509803921568627,0.9852941176470589,0.012254901960784314,0
610104,36,24761,659,0.2731411229135053,0.024279210925644917,0.2943854324734446,0.6054628224582701,1
400141,31,66625,172,0.7267441860465116,0.26744186046511625,0.5290697674418605,0.05813953488372093,1
609959,35,23481,527,0.7552182163187856,0.127134724857685,0.03415559772296015,0.003795066413662239,3
610342,25,29371,313,0.7380191693290735,0.20766773162939298,0.7476038338658147,0.03514376996805112,2
610218,44,25761,250,0.804,0.992,0.008,0.0,0
610133,24,24991,251,0.8167330677290837,0.8286852589641435,0.16733067729083664,0.0,1
610179,15,25401,751,0.5912117177097204,0.02663115845539281,0.6564580559254327,0.24500665778961384,2
610268,40,26191,363,0.7107438016528925,0.9834710743801653,0.008264462809917356,0.0,2
610128,72,24951,238,0.8487394957983193,0.9831932773109243,0.012605042016806723,0.0,3
609951,5,23421,354,0.692090395480226,0.9661016949152542,0.025423728813559324,0.002824858757062147,1
609898,64,23041,1029,0.8396501457725948,0.03498542274052478,0.9504373177842566,0.009718172983479106,2
609827,40,29021,308,0.7337662337662337,0.9805194805194806,0.016233766233766232,0.0,1
610215,32,41041,254,0.9330708661417323,0.003937007874015748,0.9960629921259843,0.0,2
610325,22,41091,513,0.8011695906432749,0.07017543859649122,0.8908382066276803,0.009746588693957114,2
609941,65,29111,331,0.7945619335347432,0.8368580060422961,0.16012084592145015,0.0030211480362537764,2
610592,66,46691,781,0.8668373879641486,0.9001280409731114,0.09218950064020487,0.002560819462227913,0
609719,57,46211,1335,0.7925093632958802,0.14232209737827714,0.7198501872659177,0.08464419475655431,3
610504,56,26891,135,0.3037037037037037,0.044444444444444446,0.7851851851851852,0.02962962962962963,4
610063,32,24431,445,0.7617977528089888,0.006741573033707865,0.9730337078651685,0.017977528089887642,2
400026,72,66075,352,0.6136363636363636,0.9744318181818182,0.005681818181818182,0.0,0
609761,47,46391,288,0.8715277777777778,0.9513888888888888,0.041666666666666664,0.003472222222222222,4
610040,19,24221,842,0.7434679334916865,0.020190023752969122,0.9572446555819477,0.011876484560570071,2
400082,22,66393,401,0.8428927680798005,0.012468827930174564,0.9800498753117207,0.004987531172069825,1
610163,77,30081,236,0.1016949152542373,0.00423728813559322,0.2584745762711864,0.6398305084745762,0
609735,59,53121,211,0.8199052132701422,0.4075829383886256,0.45023696682464454,0.0947867298578199,3
610363,31,29401,1448,0.5669889502762431,0.5089779005524862,0.2058011049723757,0.1408839779005525,5
609695,6,46031,1488,0.4092741935483871,0.07728494623655914,0.4314516129032258,0.36626344086021506,2
610402,46,46521,130,0.7076923076923077,0.2076923076923077,0.5692307692307692,0.13846153846153847,3
610088,23,24611,487,0.8193018480492813,0.06365503080082136,0.9034907597535934,0.028747433264887063,2
610188,45,25491,203,0.7093596059113301,0.9901477832512315,0.0049261083743842365,0.0,2
400159,19,66661,444,0.7612612612612613,0.024774774774774775,0.9617117117117117,0.009009009009009009,0
400178,26,66911,770,0.8441558441558441,0.951948051948052,0.04415584415584416,0.0,0
609956,62,23461,389,0.6915167095115681,0.028277634961439587,0.8946015424164524,0.07455012853470437,2
610144,22,25101,555,0.7963963963963964,0.021621621621621623,0.9351351351351351,0.023423423423423424,2
609856,52,22731,548,0.7554744525547445,0.17883211678832117,0.7299270072992701,0.060218978102189784,0
610173,66,25351,207,0.7874396135265701,0.9565217391304348,0.033816425120772944,0.0,4
609811,48,22331,227,0.6519823788546255,0.6872246696035242,0.29955947136563876,0.013215859030837005,0
609972,14,23591,889,0.766029246344207,0.0359955005624297,0.8413948256467941,0.05849268841394826,2
400117,70,66574,481,0.7817047817047817,0.975051975051975,0.010395010395010396,0.004158004158004158,3
610274,30,26231,225,0.8355555555555556,0.9155555555555556,0.05333333333333334,0.013333333333333334,3
609772,49,22021,559,0.7209302325581395,0.03398926654740608,0.9302325581395349,0.03577817531305903,0
610239,59,25951,479,0.8455114822546973,0.0918580375782881,0.8977035490605428,0.008350730688935281,3
610152,67,25181,321,0.7570093457943925,0.9595015576323987,0.028037383177570093,0.006230529595015576,2
610569,77,65013,169,0.7041420118343196,0.11834319526627218,0.5502958579881657,0.20118343195266272,2
610013,33,31141,216,0.7916666666666666,0.10648148148148148,0.875,0.009259259259259259,2
610223,65,25811,401,0.7880299251870324,0.912718204488778,0.08728179551122195,0.0,2
610561,29,46641,306,0.9019607843137255,0.8594771241830066,0.12745098039215685,0.006535947712418301,4
610174,55,25361,469,0.767590618336887,0.008528784648187633,0.9722814498933902,0.019189765458422176,2
610355,31,30141,219,0.7351598173515982,0.547945205479452,0.3059360730593607,0.0684931506849315,2
610254,30,26051,274,0.8576642335766423,0.9343065693430657,0.051094890510948905,0.0,2
609797,28,22211,256,0.84375,0.953125,0.046875,0.0,1
400139,41,66623,306,0.8986928104575164,0.9183006535947712,0.06862745098039216,0.0032679738562091504,4
610529,25,24731,488,0.7049180327868853,0.4733606557377049,0.36065573770491804,0.1168032786885246,2
610051,19,41121,491,0.8615071283095723,0.032586558044806514,0.9389002036659878,0.018329938900203666,2
610586,49,22631,635,0.7338582677165354,0.05196850393700787,0.9181102362204724,0.025196850393700787,2
610208,45,25671,337,0.7537091988130564,0.973293768545994,0.02373887240356083,0.0,3
610597,29,26931,150,0.58,0.3333333333333333,0.4533333333333333,0.16666666666666666,0
609830,26,22491,425,0.6988235294117647,0.8352941176470589,0.15294117647058825,0.004705882352941176,2
610129,33,24961,291,0.845360824742268,0.044673539518900345,0.9243986254295533,0.030927835051546393,2
609753,73,47091,780,0.5025641025641026,0.5064102564102564,0.21666666666666667,0.25769230769230766,3
609674,41,53011,647,0.8222565687789799,0.9629057187017002,0.02472952086553323,0.0030911901081916537,3
610308,29,30121,110,0.6,0.5,0.4090909090909091,0.03636363636363636,2
400062,70,66053,347,0.8501440922190202,0.9769452449567724,0.01440922190201729,0.0,2
610195,71,25561,567,0.30864197530864196,0.5202821869488536,0.1164021164021164,0.31393298059964725,0
610390,15,45221,457,0.7067833698030634,0.0437636761487965,0.7768052516411379,0.1400437636761488,4
400114,25,66601,220,0.8545454545454545,0.05454545454545454,0.9181818181818182,0.022727272727272728,3
400181,39,69228,554,0.7166064981949458,0.9368231046931408,0.03429602888086643,0.0,3
400151,28,66566,170,0.7647058823529411,0.9470588235294117,0.03529411764705882,0.0,4
400013,22,66254,262,0.8625954198473282,0.04198473282442748,0.9580152671755725,0.0,3
609869,65,22841,184,0.8804347826086957,0.8641304347826086,0.13043478260869565,0.005434782608695652,3
610547,39,46631,508,0.7618110236220472,0.9586614173228346,0.03346456692913386,0.0,3
609996,58,23821,401,0.713216957605985,0.11221945137157108,0.5361596009975063,0.1745635910224439,2
609791,66,22161,348,0.8362068965517241,0.9597701149425287,0.03735632183908046,0.0028735632183908046,1
610200,42,25601,274,0.8394160583941606,0.7956204379562044,0.1897810218978102,0.0072992700729927005,4
609933,10,31081,229,0.7554585152838428,0.6550218340611353,0.21397379912663755,0.06986899563318777,10
610056,30,24381,219,0.8493150684931506,0.9726027397260274,0.0273972602739726,0.0,1
610281,39,26291,556,0.7805755395683454,0.9622302158273381,0.02697841726618705,0.0017985611510791368,4
610227,32,25841,592,0.8243243243243243,0.0016891891891891893,0.9915540540540541,0.006756756756756757,0
610350,44,29381,388,0.6649484536082474,0.9742268041237113,0.020618556701030927,0.0,3
609917,72,23201,268,0.8022388059701493,0.9813432835820896,0.014925373134328358,0.0,2
610077,64,24571,504,0.8194444444444444,0.2876984126984127,0.7003968253968254,0.007936507936507936,3
610518,26,46621,176,0.8181818181818182,0.9545454545454546,0.03977272727272727,0.005681818181818182,3
610093,40,24651,250,0.78,0.956,0.024,0.012,2
610207,71,29311,239,0.5564853556485355,0.9790794979079498,0.012552301255230125,0.0,4
610099,36,24711,338,0.1301775147928994,0.0029585798816568047,0.3609467455621302,0.5473372781065089,2
609732,19,46291,1131,0.7851458885941645,0.16445623342175067,0.7603890362511052,0.05481874447391689,3
400052,67,66146,1020,0.7549019607843137,0.9598039215686275,0.022549019607843137,0.000980392156862745,3
400054,21,66142,968,0.9008264462809917,0.04442148760330578,0.9359504132231405,0.011363636363636364,3
609942,23,23341,713,0.5245441795231417,0.047685834502103785,0.6521739130434783,0.22300140252454417,2
609710,45,51021,272,0.8308823529411765,0.9779411764705882,0.01838235294117647,0.0,8
609866,46,22821,794,0.08942065491183879,0.0163727959697733,0.1624685138539043,0.6788413098236776,3
400069,24,67081,371,0.784366576819407,0.9110512129380054,0.07816711590296496,0.005390835579514825,0
609726,45,47051,965,0.6414507772020726,0.794818652849741,0.18341968911917098,0.010362694300518135,1
609887,40,22971,467,0.7130620985010707,0.974304068522484,0.023554603854389723,0.0021413276231263384,2
400098,38,66573,823,0.8165249088699879,0.34993924665856624,0.5856622114216282,0.007290400972053463,20
610315,50,26431,112,0.8303571428571429,0.9732142857142857,0.017857142857142856,0.0,0
609749,13,46061,1041,0.35446685878962536,0.05571565802113353,0.287223823246878,0.3813640730067243,2
609910,19,23151,895,0.7877094972067039,0.01452513966480447,0.9418994413407821,0.026815642458100558,1
400033,72,66061,1241,0.7832393231265109,0.9863013698630136,0.0056406124093473006,0.0,2
610115,67,24841,258,0.751937984496124,0.9806201550387597,0.015503875968992248,0.003875968992248062,1
610022,10,24021,743,0.7617765814266487,0.25841184387617766,0.4347240915208614,0.15612382234185734,2
610384,32,55151,405,0.928395061728395,0.03209876543209877,0.9506172839506173,0.014814814814814815,4
610345,4,26541,299,0.6956521739130435,0.9698996655518395,0.020066889632107024,0.0,4
610290,66,26321,242,0.7727272727272727,0.9421487603305785,0.04132231404958678,0.0,2
609744,13,49021,264,0.7386363636363636,0.17803030303030304,0.5378787878787878,0.19696969696969696,0
610091,50,24631,295,0.7389830508474576,0.9898305084745763,0.003389830508474576,0.0,2
609766,15,49081,194,0.7474226804123711,0.16494845360824742,0.6082474226804123,0.18556701030927836,0
610062,58,24421,292,0.797945205479452,0.3904109589041096,0.3356164383561644,0.1815068493150685,2
609937,36,23301,751,0.3169107856191744,0.009320905459387484,0.37017310252996005,0.4993342210386152,3
400068,26,63021,174,0.8735632183908046,0.9885057471264368,0.011494252873563218,0.0,0
609899,77,23051,727,0.14718019257221457,0.009628610729023384,0.12104539202200826,0.811554332874828,2
610323,42,46491,202,0.8712871287128713,0.7475247524752475,0.21287128712871287,0.024752475247524754,3
610329,33,31281,278,0.6726618705035972,0.0035971223021582736,0.9820143884892086,0.01079136690647482,2
609903,54,23081,1252,0.7028753993610224,0.013578274760383386,0.9512779552715654,0.019968051118210862,2
400091,29,0,377,0.8938992042440318,0.8275862068965517,0.15384615384615385,0.010610079575596816,2
400170,37,66578,590,0.7677966101694915,0.42542372881355933,0.5067796610169492,0.010169491525423728,5
609893,62,23001,726,0.4573002754820937,0.02203856749311295,0.7479338842975206,0.20798898071625344,0
609790,70,22151,402,0.7313432835820896,0.8980099502487562,0.0945273631840796,0.0024875621890547263,2
610251,28,26021,330,0.8424242424242424,0.9484848484848485,0.045454545454545456,0.0,2
609861,74,22761,389,0.41645244215938304,0.7197943444730077,0.09768637532133675,0.15424164524421594,2
400048,29,66561,366,0.7704918032786885,0.9371584699453552,0.03278688524590164,0.0,0
610201,17,29301,789,0.38276299112801015,0.06337135614702155,0.5551330798479087,0.30671736375158426,3
610078,57,29191,670,0.45223880597014926,0.022388059701492536,0.8552238805970149,0.10298507462686567,0
610568,22,65016,328,0.7408536585365854,0.13109756097560976,0.7560975609756098,0.08231707317073171,0
400112,61,66399,530,0.8301886792452831,0.0037735849056603774,0.9867924528301887,0.009433962264150943,2
610047,39,24301,190,0.7736842105263158,0.9578947368421052,0.03684210526315789,0.0,4
610405,29,26881,450,0.4111111111111111,0.5111111111111111,0.19555555555555557,0.18888888888888888,2
400029,7,66181,504,0.7976190476190477,0.9543650793650794,0.015873015873015872,0.0,3
610116,39,31201,246,0.8292682926829268,0.9715447154471545,0.028455284552845527,0.0,3
610033,68,29161,483,0.33747412008281574,0.36231884057971014,0.18012422360248448,0.33540372670807456,7
400083,32,66131,172,0.872093023255814,0.05232558139534884,0.9302325581395349,0.011627906976744186,3
610366,72,26621,223,0.6771300448430493,0.9820627802690582,0.017937219730941704,0.0,0
609705,45,46111,237,0.7848101265822784,0.9620253164556962,0.0379746835443038,0.0,1
610185,69,25471,1125,0.7431111111111111,0.05511111111111111,0.9013333333333333,0.028444444444444446,2
400077,9,66112,567,0.7601410934744268,0.9876543209876543,0.010582010582010581,0.0,2
610138,23,31211,820,0.4024390243902439,0.015853658536585366,0.5487804878048781,0.3426829268292683,0
609967,33,23541,212,0.8726415094339622,0.16981132075471697,0.7783018867924528,0.04716981132075472,2
609829,55,22481,324,0.8611111111111112,0.027777777777777776,0.9228395061728395,0.027777777777777776,1
609985,27,23711,239,0.7907949790794979,0.9581589958158996,0.03765690376569038,0.0041841004184100415,2
400128,30,66612,90,0.7888888888888889,0.9333333333333333,0.044444444444444446,0.011111111111111112,2
609723,28,47041,194,0.8402061855670103,0.9690721649484536,0.015463917525773196,0.0,4
610389,24,28151,236,0.8135593220338984,0.7457627118644068,0.21610169491525424,0.025423728813559324,2
610000,26,23851,377,0.7771883289124668,0.8726790450928382,0.11140583554376658,0.007957559681697613,2
610087,62,30071,237,0.3881856540084388,0.06329113924050633,0.759493670886076,0.16455696202531644,0
610067,64,24451,633,0.7867298578199052,0.69826224328594,0.27330173775671407,0.022116903633491312,2
609739,49,46331,1490,0.8369127516778524,0.0691275167785235,0.8818791946308725,0.03557046979865772,1
400164,33,66921,81,0.7777777777777778,0.012345679012345678,0.9629629629629629,0.012345679012345678,2
609806,39,22291,433,0.7759815242494227,0.9676674364896074,0.025404157043879907,0.0,1
609880,20,29031,322,0.11490683229813664,0.043478260869565216,0.13975155279503104,0.4503105590062112,1
610026,53,24071,665,0.4917293233082707,0.045112781954887216,0.7804511278195488,0.15789473684210525,3
609817,6,22391,681,0.5374449339207048,0.05873715124816446,0.39060205580029367,0.33186490455212925,2
610002,44,23871,235,0.6893617021276596,0.9659574468085106,0.01702127659574468,0.0,3
610124,43,24921,246,0.7520325203252033,0.9512195121951219,0.036585365853658534,0.0,4
400116,65,66591,330,0.8090909090909091,0.8333333333333334,0.15151515151515152,0.012121212121212121,0
610300,40,26381,424,0.8325471698113207,0.9693396226415094,0.02830188679245283,0.0,0
400023,41,66371,461,0.7830802603036876,0.9978308026030369,0.0021691973969631237,0.0,0
609844,7,22611,291,0.8109965635738832,0.9484536082474226,0.027491408934707903,0.0,2
400060,76,66191,304,0.7598684210526315,0.4407894736842105,0.16447368421052633,0.0625,2
610590,4,26181,395,0.18734177215189873,0.7367088607594937,0.053164556962025315,0.053164556962025315,3
610103,39,24751,497,0.8229376257545271,0.9517102615694165,0.03621730382293763,0.004024144869215292,4
610513,35,45231,137,0.8248175182481752,0.5766423357664233,0.35766423357664234,0.051094890510948905,4
609875,23,22881,499,0.7074148296593187,0.07615230460921844,0.8056112224448898,0.09018036072144289,1
609793,66,22181,451,0.7960088691796009,0.9467849223946785,0.04656319290465632,0.0022172949002217295,3
610381,4,55191,71,0.9154929577464789,0.9295774647887324,0.04225352112676056,0.014084507042253521,2
610153,70,25191,350,0.7885714285714286,0.9742857142857143,0.02,0.002857142857142857,2
610039,22,24201,623,0.5248796147672552,0.03691813804173355,0.7319422150882825,0.1653290529695024,0
610180,29,25411,396,0.696969696969697,0.9444444444444444,0.04292929292929293,0.005050505050505051,2
609978,47,23641,322,0.7204968944099379,0.9627329192546584,0.024844720496894408,0.003105590062111801,3
610006,63,23911,721,0.7753120665742025,0.008321775312066574,0.9764216366158114,0.004160887656033287,2
610235,26,25921,470,0.7957446808510639,0.8042553191489362,0.18085106382978725,0.002127659574468085,3
400149,61,66137,562,0.9537366548042705,0.005338078291814947,0.9875444839857651,0.005338078291814947,2
610396,64,26791,863,0.8238702201622248,0.1853997682502897,0.7972190034762456,0.005793742757821553,1
609950,32,23411,393,0.7022900763358778,0.010178117048346057,0.9847328244274809,0.0,2
610364,51,26601,202,0.7574257425742574,0.9554455445544554,0.039603960396039604,0.0049504950495049506,1
609760,51,46381,406,0.874384236453202,0.4088669950738916,0.5763546798029556,0.007389162561576354,1
609798,16,22221,547,0.4625228519195612,0.051188299817184646,0.3619744058500914,0.489945155393053,1
610524,46,70241,353,0.6940509915014165,0.16997167138810199,0.6430594900849859,0.1274787535410765,4
610216,33,25731,240,0.725,0.2,0.6958333333333333,0.025,1
400104,33,63131,622,0.842443729903537,0.03697749196141479,0.9501607717041801,0.008038585209003215,2
609836,17,22541,827,0.4183796856106409,0.020556227327690448,0.5199516324062878,0.4111245465538089,1
609852,6,22681,541,0.3345656192236599,0.06099815157116451,0.4029574861367837,0.41404805914972276,4
610534,37,22591,491,0.0814663951120163,0.048879837067209775,0.07942973523421588,0.2708757637474542,2
609725,74,46251,1075,0.7488372093023256,0.9674418604651163,0.022325581395348838,0.004651162790697674,2
609780,23,41111,686,0.9300291545189504,0.01749271137026239,0.9518950437317785,0.026239067055393587,1
400157,42,66577,266,0.7744360902255639,0.8195488721804511,0.15789473684210525,0.0037593984962406013,3
609960,62,23491,799,0.6120150187734669,0.03754693366708386,0.7959949937421777,0.14893617021276595,2
610135,15,25011,831,0.6064981949458483,0.032490974729241874,0.6245487364620939,0.27918170878459686,2
610217,35,25751,516,0.6763565891472868,0.06976744186046512,0.09496124031007752,0.05232558139534884,0
400084,61,66391,268,0.8022388059701493,0.007462686567164179,0.9850746268656716,0.0,2
609676,1,53021,447,0.9351230425055929,0.9574944071588367,0.03355704697986577,0.0,3
610057,64,26701,485,0.8701030927835052,0.2,0.797938144329897,0.0,1
610558,69,46611,961,0.8616024973985432,0.32466181061394384,0.6701352757544224,0.003121748178980229,2
609895,45,29041,200,0.755,0.98,0.02,0.0,5
609810,17,22321,1090,0.5311926605504587,0.022935779816513763,0.5614678899082569,0.3504587155963303,2
610394,31,26861,97,0.711340206185567,0.5360824742268041,0.26804123711340205,0.09278350515463918,8
610052,42,24331,330,0.7575757575757576,0.9666666666666667,0.021212121212121213,0.00909090909090909,3
609930,23,23291,410,0.8634146341463415,0.07804878048780488,0.9,0.01707317073170732,2
610587,7,46681,523,0.722753346080306,0.9732313575525813,0.017208413001912046,0.0038240917782026767,0
610291,63,26331,621,0.8373590982286635,0.011272141706924315,0.9790660225442834,0.00966183574879227,2
609918,10,23211,155,0.8193548387096774,0.4129032258064516,0.4838709677419355,0.04516129032258064,2
609812,29,22351,217,0.7004608294930875,0.9170506912442397,0.059907834101382486,0.013824884792626729,2
400017,14,66351,103,0.8543689320388349,0.06796116504854369,0.8737864077669902,0.009708737864077669,3
609870,32,22851,431,0.8375870069605569,0.14617169373549885,0.8283062645011601,0.013921113689095127,2
609727,1,46261,441,0.7709750566893424,0.9047619047619048,0.015873015873015872,0.0022675736961451248,3
610197,25,25581,446,0.625560538116592,0.06502242152466367,0.8161434977578476,0.08744394618834081,3
610108,65,24801,324,0.8209876543209876,0.7561728395061729,0.22530864197530864,0.015432098765432098,2
610100,24,24721,458,0.87117903930131,0.15938864628820962,0.8056768558951966,0.028384279475982533,2
609837,9,22551,437,0.7391304347826086,0.9633867276887872,0.018306636155606407,0.006864988558352402,2
400121,20,66134,518,0.7625482625482626,0.4980694980694981,0.45366795366795365,0.019305019305019305,0
610596,29,26931,261,0.6436781609195402,0.44061302681992337,0.41762452107279696,0.09195402298850575,0
609733,10,46301,664,0.7725903614457831,0.3509036144578313,0.37801204819277107,0.1536144578313253,2
400055,25,66143,651,0.7357910906298003,0.21658986175115208,0.7450076804915514,0.029185867895545316,3
610146,67,25121,205,0.7804878048780488,0.9804878048780488,0.01951219512195122,0.0,2
610175,5,25371,323,0.6346749226006192,0.8978328173374613,0.05572755417956656,0.018575851393188854,3
610094,57,24661,624,0.15705128205128205,0.08653846153846154,0.14423076923076922,0.5641025641025641,4
610354,14,26841,250,0.6,0.032,0.832,0.036,1
610228,33,25861,167,0.7664670658682635,0.017964071856287425,0.9520958083832335,0.029940119760479042,4
610256,2,26061,118,0.652542372881356,0.940677966101695,0.025423728813559324,0.00847457627118644,1
610021,24,24011,351,0.7863247863247863,0.33903133903133903,0.6353276353276354,0.019943019943019943,3
609855,61,30031,323,0.8823529411764706,0.12693498452012383,0.8452012383900929,0.02476780185758514,3
610589,60,23521,397,0.4256926952141058,0.030226700251889168,0.906801007556675,0.055415617128463476,0
609794,14,29011,262,0.09923664122137404,0.03435114503816794,0.11068702290076336,0.5648854961832062,2
610172,59,25341,221,0.7737556561085973,0.8054298642533937,0.19004524886877827,0.0,2
400163,66,66931,842,0.8408551068883611,0.9406175771971497,0.026128266033254157,0.0023752969121140144,0
610090,8,29221,445,0.5797752808988764,0.8898876404494382,0.029213483146067417,0.024719101123595506,2
610515,16,26921,430,0.29767441860465116,0.07209302325581396,0.41627906976744183,0.3953488372093023,3
610209,14,25681,702,0.6937321937321937,0.04700854700854701,0.6524216524216524,0.06837606837606838,2
609975,26,31111,265,0.8641509433962264,0.8150943396226416,0.16981132075471697,0.0037735849056603774,2
400176,64,63144,101,0.7821782178217822,0.7227722772277227,0.24752475247524752,0.009900990099009901,2
609991,30,23771,437,0.7940503432494279,0.9496567505720824,0.043478260869565216,0.004576659038901602,2
610271,28,29341,265,0.8603773584905661,0.9886792452830189,0.007547169811320755,0.0,2
610130,40,24971,202,0.7128712871287128,0.9702970297029703,0.009900990099009901,0.0049504950495049506,2
609773,57,22031,297,0.31313131313131315,0.2053872053872054,0.2727272727272727,0.39730639730639733,2
609835,24,22531,577,0.8336221837088388,0.2391681109185442,0.7469670710571924,0.005199306759098787,2
400076,5,66111,319,0.6018808777429467,0.9498432601880877,0.012539184952978056,0.018808777429467086,3
610221,27,25791,207,0.6956521739130435,0.9855072463768116,0.004830917874396135,0.0,2
610279,67,26281,310,0.7774193548387097,0.964516129032258,0.03225806451612903,0.0,3
610334,28,46471,177,0.9152542372881356,0.8926553672316384,0.096045197740113,0.005649717514124294,1
400079,54,66395,553,0.810126582278481,0.003616636528028933,0.969258589511754,0.018083182640144666,2
400097,29,66572,1157,0.8807260155574762,0.39671564390665515,0.5877268798617113,0.006914433880726016,3
610565,66,63142,220,0.7909090909090909,0.9590909090909091,0.02727272727272727,0.004545454545454545,3
609909,56,23141,113,0.6460176991150443,0.02654867256637168,0.8141592920353983,0.05309734513274336,4
400034,13,66241,891,0.77665544332211,0.06734006734006734,0.611672278338945,0.15937149270482603,2
609894,1,23011,257,0.8599221789883269,0.9455252918287937,0.04669260700389105,0.0038910505836575876,1
609712,67,47031,104,0.625,0.9519230769230769,0.038461538461538464,0.0,0
610081,58,29201,529,0.4763705103969754,0.13988657844990549,0.19659735349716445,0.09262759924385633,2
400137,5,63161,83,0.8072289156626506,0.9518072289156626,0.03614457831325301,0.0,1
400143,24,66627,70,0.8285714285714286,0.7,0.2714285714285714,0.0,2
609955,70,23451,332,0.8373493975903614,0.9789156626506024,0.018072289156626505,0.0,3
610073,25,24511,382,0.3036649214659686,0.08376963350785341,0.3717277486910995,0.48429319371727747,3
609865,10,22811,500,0.726,0.264,0.51,0.126,4
609929,59,23281,301,0.8338870431893688,0.29900332225913623,0.6843853820598007,0.0033222591362126247,3
400105,1,0,218,0.7844036697247706,0.9862385321100917,0.009174311926605505,0.0,5
609782,46,22091,573,0.08900523560209424,0.015706806282722512,0.17277486910994763,0.680628272251309,2
609745,65,49031,350,0.8457142857142858,0.6171428571428571,0.3457142857142857,0.03428571428571429,0
609751,5,46371,586,0.8054607508532423,0.9402730375426621,0.030716723549488054,0.008532423208191127,3
609961,42,31101,310,0.7129032258064516,0.8548387096774194,0.14516129032258066,0.0,3
610111,14,24821,742,0.5862533692722371,0.0215633423180593,0.42587601078167114,0.34097035040431267,4
400032,70,66072,205,0.8634146341463415,0.9609756097560975,0.03414634146341464,0.0,4
610347,64,31301,357,0.8011204481792717,0.773109243697479,0.21288515406162464,0.0056022408963585435,2
610011,20,23931,794,0.593198992443325,0.07052896725440806,0.3211586901763224,0.29219143576826195,2
610194,27,31221,200,0.815,0.995,0.005,0.0,2
610136,68,25021,395,0.28607594936708863,0.10632911392405063,0.3037974683544304,0.4379746835443038,3
400180,24,66032,990,0.8121212121212121,0.6101010101010101,0.38181818181818183,0.00404040404040404,0
609971,67,23581,345,0.782608695652174,0.9768115942028985,0.020289855072463767,0.0,2
610143,5,25091,289,0.7162629757785467,0.9757785467128027,0.01384083044982699,0.0,2
610319,56,26461,198,0.8484848484848485,0.04040404040404041,0.8838383838383839,0.030303030303030304,2
609995,36,23811,496,0.4737903225806452,0.02620967741935484,0.4899193548387097,0.3407258064516129,2
610570,64,65014,262,0.8206106870229007,0.4312977099236641,0.549618320610687,0.011450381679389313,2
610250,37,30101,278,0.7158273381294964,0.32014388489208634,0.6402877697841727,0.01079136690647482,4
400056,24,66144,375,0.88,0.8506666666666667,0.14133333333333334,0.0,3
609968,21,23551,575,0.7652173913043478,0.04869565217391304,0.9165217391304348,0.019130434782608695,2
610503,30,29411,128,0.765625,0.953125,0.046875,0.0,0
609718,53,46201,1621,0.6711906230721777,0.03639728562615669,0.8143121529919802,0.13880320789636028,3
610383,32,55171,287,0.8989547038327527,0.1254355400696864,0.867595818815331,0.003484320557491289,3
400028,50,66161,402,0.8059701492537313,0.6592039800995025,0.3333333333333333,0.004975124378109453,0
609741,63,46341,1711,0.8854471069549971,0.04266510812390415,0.9421390999415546,0.009935710111046173,3
610038,68,24191,803,0.10211706102117062,0.09838107098381071,0.0958904109589041,0.5915317559153176,4
609938,32,23311,768,0.8854166666666666,0.0013020833333333333,0.98828125,0.00390625,2
610117,60,24851,585,0.6615384615384615,0.017094017094017096,0.9538461538461539,0.018803418803418803,1
610313,25,31261,423,0.7966903073286052,0.2647754137115839,0.6690307328605201,0.0425531914893617,2
610367,26,26631,471,0.7898089171974523,0.9384288747346072,0.04670912951167728,0.004246284501061571,4
609759,25,51091,595,0.826890756302521,0.35126050420168065,0.6,0.02689075630252101,2
610499,30,49131,214,0.9532710280373832,0.9532710280373832,0.04205607476635514,0.004672897196261682,3
609704,32,53091,453,0.9315673289183223,0.12141280353200883,0.8587196467991169,0.011037527593818985,3
610184,32,25451,299,0.8561872909698997,0.023411371237458192,0.9632107023411371,0.010033444816053512,4
400066,1,66056,407,0.8255528255528255,0.9606879606879607,0.012285012285012284,0.004914004914004914,3
609851,30,22671,205,0.848780487804878,0.9414634146341463,0.04390243902439024,0.00975609756097561,2
610137,15,25031,619,0.6268174474959612,0.014539579967689823,0.4604200323101777,0.4378029079159935,2
609818,19,22401,706,0.7960339943342776,0.049575070821529746,0.9178470254957507,0.018413597733711047,1
610539,19,22691,790,0.7278481012658228,0.015189873417721518,0.910126582278481,0.04683544303797468,2
610123,30,24911,220,0.7636363636363637,0.9272727272727272,0.06363636363636363,0.004545454545454545,2
610003,70,23881,228,0.6929824561403509,0.9868421052631579,0.013157894736842105,0.0,2
610276,4,26251,268,0.7910447761194029,0.9626865671641791,0.018656716417910446,0.0037313432835820895,2
610244,26,41051,450,0.9755555555555555,0.9755555555555555,0.02,0.0,3
400129,67,66613,130,0.8,0.9692307692307692,0.03076923076923077,0.0,2
610165,19,25291,543,0.7734806629834254,0.022099447513812154,0.9429097605893186,0.02394106813996317,2
609789,21,22141,439,0.7539863325740319,0.03644646924829157,0.9339407744874715,0.018223234624145785,1
610220,6,25781,619,0.21324717285945072,0.0210016155088853,0.24878836833602586,0.5831987075928917,0
610339,66,26521,401,0.7655860349127181,0.9276807980049875,0.05486284289276808,0.0,3
609805,70,22281,331,0.824773413897281,0.9244712990936556,0.0755287009063444,0.0,2
400150,40,66631,119,0.7899159663865546,0.957983193277311,0.04201680672268908,0.0,4
610009,29,29141,535,0.4691588785046729,0.2485981308411215,0.5700934579439252,0.102803738317757,3
610353,55,26821,619,0.7576736672051696,0.014539579967689823,0.9741518578352181,0.006462035541195477,1
400047,28,66562,359,0.8189415041782729,0.9749303621169917,0.022284122562674095,0.0,0
610212,14,32011,220,0.8772727272727273,0.05,0.8363636363636363,0.05454545454545454,0
609943,50,23351,343,0.760932944606414,0.9271137026239067,0.03498542274052478,0.011661807580174927,1
400061,70,66052,643,0.8740279937791602,0.9844479004665629,0.007776049766718507,0.004665629860031105,2
609924,72,23241,329,0.7051671732522796,0.9574468085106383,0.0364741641337386,0.0,1
609859,20,22751,1011,0.7467853610286844,0.1503461918892186,0.27002967359050445,0.11770524233432245,0
609722,28,53111,71,0.7464788732394366,0.9295774647887324,0.07042253521126761,0.0,3
609986,65,23721,177,0.7288135593220338,0.6836158192090396,0.2994350282485876,0.01694915254237288,2
610043,26,24241,312,0.7467948717948718,0.8076923076923077,0.1858974358974359,0.0,2
400165,28,66567,276,0.8840579710144928,0.9528985507246377,0.043478260869565216,0.0,0
610544,63,22921,706,0.7436260623229461,0.009915014164305949,0.9716713881019831,0.009915014164305949,0
610060,29,29171,449,0.3585746102449889,0.32293986636971045,0.3184855233853007,0.11358574610244988,3
609738,68,46321,2063,0.44983034415899176,0.21037324285021813,0.3199224430441105,0.31459040232670865,5
400089,55,66397,524,0.8358778625954199,0.0057251908396946565,0.9904580152671756,0.003816793893129771,2
609694,60,46021,1003,0.6889332003988036,0.009970089730807577,0.9042871385842473,0.06081754735792622,3
610086,72,24601,229,0.8384279475982532,0.9868995633187773,0.008733624454148471,0.0,2
400043,29,63031,238,0.7899159663865546,0.9327731092436975,0.058823529411764705,0.004201680672268907,0
400024,59,66231,488,0.8442622950819673,0.7397540983606558,0.22131147540983606,0.006147540983606557,0
400115,64,66433,552,0.8405797101449275,0.49094202898550726,0.4746376811594203,0.021739130434782608,3
610305,26,26391,382,0.8298429319371727,0.9424083769633508,0.041884816753926704,0.0,2
609902,50,31061,328,0.7347560975609756,0.9573170731707317,0.03048780487804878,0.003048780487804878,2
610027,72,24081,227,0.7400881057268722,0.986784140969163,0.013215859030837005,0.0,5
609828,25,22471,478,0.25732217573221755,0.08577405857740586,0.35355648535564854,0.40585774058577406,2
609845,51,22621,476,0.8529411764705882,0.9873949579831933,0.012605042016806723,0.0,1
610102,70,24741,274,0.8467153284671532,0.9744525547445255,0.01824817518248175,0.0,3
610202,27,25621,236,0.8432203389830508,0.9110169491525424,0.08050847457627118,0.00847457627118644,2
609792,16,22171,886,0.600451467268623,0.024830699774266364,0.7121896162528216,0.1930022573363431,1
610155,12,25211,601,0.18635607321131448,0.013311148086522463,0.2096505823627288,0.4925124792013311,2
609876,55,22891,513,0.7914230019493177,0.01949317738791423,0.9434697855750487,0.021442495126705652,2
610015,33,23961,290,0.6517241379310345,0.23448275862068965,0.6172413793103448,0.10689655172413794,3
610257,24,26091,178,0.7640449438202247,0.8146067415730337,0.11797752808988764,0.06741573033707865,2
610237,4,25931,266,0.7142857142857143,0.9661654135338346,0.022556390977443608,0.0,1
400124,1,66107,66,0.803030303030303,0.8939393939393939,0.10606060606060606,0.0,1
400057,29,66147,876,0.8047945205479452,0.365296803652968,0.5787671232876712,0.01598173515981735,2
609799,46,22231,878,0.12984054669703873,0.018223234624145785,0.17995444191343962,0.5558086560364465,2
609713,9,46171,701,0.9072753209700428,0.9843081312410842,0.007132667617689016,0.0,7
609919,9,23221,344,0.7122093023255814,0.9331395348837209,0.04941860465116279,0.0029069767441860465,3
610523,36,28081,408,0.13725490196078433,0.00980392156862745,0.24019607843137256,0.6813725490196079,2
610120,60,24871,803,0.6836861768368617,0.0112079701120797,0.9701120797011208,0.017434620174346202,2
609945,31,23371,547,0.7184643510054844,0.3180987202925046,0.26508226691042047,0.0712979890310786,2
610101,37,24731,860,0.4325581395348837,0.47093023255813954,0.13023255813953488,0.24883720930232558,4
610074,23,24531,653,0.8101071975497703,0.016845329249617153,0.9157733537519143,0.05053598774885146,2
609734,36,46311,4296,0.4888268156424581,0.029562383612662942,0.433659217877095,0.4243482309124767,2
609864,70,22801,309,0.7799352750809061,0.9255663430420712,0.06472491909385113,0.0,2
609708,15,46131,583,0.823327615780446,0.15780445969125215,0.7873070325900514,0.044596912521440824,4
400051,25,66141,652,0.7868098159509203,0.14570552147239263,0.808282208588957,0.013803680981595092,3
400080,54,66396,540,0.8148148148148148,0.012962962962962963,0.9814814814814815,0.003703703703703704,2
610066,40,29181,209,0.3397129186602871,0.9090909090909091,0.009569377990430622,0.023923444976076555,2
609764,33,46421,1593,0.8939108600125549,0.02573760200878845,0.943502824858757,0.016321406151914627,3
609754,1,70070,227,0.8810572687224669,0.6211453744493393,0.33480176211453744,0.01762114537444934,4
400035,10,66281,601,0.8252911813643927,0.4043261231281198,0.39434276206322794,0.07321131447587355,1
609879,69,22901,977,0.8464687819856704,0.14227226202661208,0.8393039918116684,0.01023541453428864,2
610019,66,23991,211,0.8436018957345972,0.966824644549763,0.03317535545023697,0.0,2
610386,59,67021,147,0.8707482993197279,0.3129251700680272,0.673469387755102,0.006802721088435374,0
610295,50,31251,264,0.803030303030303,0.9393939393939394,0.06060606060606061,0.0,3
609925,28,23251,206,0.8592233009708737,0.9757281553398058,0.014563106796116505,0.0,2
609795,26,22191,151,0.7483443708609272,0.5496688741721855,0.3576158940397351,0.046357615894039736,2
609954,28,23441,281,0.8149466192170819,0.9608540925266904,0.03914590747330961,0.0,0
400156,47,66576,623,0.8330658105939005,0.9309791332263242,0.06420545746388442,0.0016051364365971107,3
609833,41,22511,220,0.7454545454545455,1.0,0.0,0.0,3
609839,69,22571,425,0.72,0.8211764705882353,0.15058823529411763,0.01647058823529412,2
400025,23,66071,626,0.7460063897763578,0.19169329073482427,0.7571884984025559,0.025559105431309903,0
609908,74,23131,245,0.7959183673469388,0.9714285714285714,0.02040816326530612,0.004081632653061225,1
400179,54,66579,1043,0.8657718120805369,0.012464046021093002,0.9798657718120806,0.004793863854266539,5
609691,24,46431,1066,0.8911819887429644,0.18105065666041276,0.7954971857410882,0.009380863039399626,2
609974,57,29131,604,0.15894039735099338,0.056291390728476824,0.21026490066225165,0.5132450331125827,2
610198,49,25591,342,0.8070175438596491,0.08771929824561403,0.8099415204678363,0.09649122807017543,0
609871,74,26731,344,0.17151162790697674,0.1511627906976744,0.4331395348837209,0.38372093023255816,0
609994,14,23801,912,0.7105263157894737,0.03837719298245614,0.7839912280701754,0.08771929824561403,3
400120,19,66133,459,0.7450980392156863,0.06753812636165578,0.9259259259259259,0.004357298474945534,0
609774,68,22041,602,0.10299003322259136,0.05149501661129568,0.15282392026578073,0.5830564784053156,3
610106,24,24781,575,0.8347826086956521,0.3826086956521739,0.6069565217391304,0.006956521739130435,1
610147,20,25141,699,0.5679542203147353,0.19456366237482117,0.35050071530758226,0.1759656652360515,4
610059,68,24401,666,0.09009009009009009,0.08108108108108109,0.1006006006006006,0.6726726726726727,1
610557,69,65018,291,0.6769759450171822,0.32646048109965636,0.5945017182130584,0.06872852233676977,0
610229,25,25871,653,0.2771822358346095,0.21592649310872894,0.27105666156202146,0.35222052067381315,3
400145,1,66629,97,0.8144329896907216,0.845360824742268,0.12371134020618557,0.020618556701030927,2
609896,23,23021,305,0.13442622950819672,0.06885245901639345,0.25573770491803277,0.47540983606557374,3
610082,73,24591,1158,0.14680483592400692,0.025043177892918825,0.15112262521588946,0.8005181347150259,0
610053,64,24341,1018,0.7966601178781926,0.3113948919449902,0.6719056974459725,0.015717092337917484,1
610532,61,22441,866,0.8960739030023095,0.017321016166281754,0.9688221709006929,0.008083140877598153,2
610588,63,23381,921,0.9131378935939196,0.013029315960912053,0.9804560260586319,0.004343105320304018,0
609963,57,23501,444,0.08108108108108109,0.03153153153153153,0.12612612612612611,0.7297297297297297,3
610317,55,26451,281,0.8220640569395018,0.014234875444839857,0.9288256227758007,0.028469750889679714,3
610095,68,29231,359,0.6768802228412256,0.6713091922005571,0.20334261838440112,0.055710306406685235,4
610368,45,22451,469,0.6908315565031983,0.9317697228144989,0.057569296375266525,0.0,1
610238,66,25941,232,0.771551724137931,0.9482758620689655,0.05172413793103448,0.0,3
610571,29,65015,155,0.7806451612903226,0.8258064516129032,0.15483870967741936,0.0064516129032258064,2
610131,30,24981,102,0.7549019607843137,0.24509803921568626,0.7058823529411765,0.0392156862745098,0
609678,38,47021,1929,0.3727319854847071,0.12389839294971487,0.3141524105754277,0.34940383618455156,7
400075,2,66321,474,0.7025316455696202,0.9641350210970464,0.027426160337552744,0.002109704641350211,3
400031,69,66381,635,0.7133858267716535,0.8976377952755905,0.029921259842519685,0.009448818897637795,0
609728,14,46271,1072,0.7985074626865671,0.08488805970149253,0.7546641791044776,0.05690298507462686,3
609783,29,30011,164,0.6707317073170732,0.8048780487804879,0.16463414634146342,0.03048780487804878,0
400106,66,66148,471,0.832271762208068,0.9490445859872612,0.040339702760084924,0.0021231422505307855,2
400096,25,66571,768,0.7955729166666666,0.22786458333333334,0.703125,0.014322916666666666,4
609746,5,46361,2299,0.5628534145280557,0.8538494997825141,0.04567203131796433,0.046107003044802086,5
609885,59,22951,240,0.8416666666666667,0.8791666666666667,0.10833333333333334,0.008333333333333333,3
610193,42,25541,397,0.8035264483627204,0.7682619647355163,0.18639798488664988,0.030226700251889168,3
610010,46,23921,290,0.41379310344827586,0.16551724137931034,0.42758620689655175,0.30344827586206896,1
610392,32,52011,342,0.9064327485380117,0.014619883040935672,0.9766081871345029,0.005847953216374269,3
400133,38,66617,455,0.8637362637362638,0.9252747252747253,0.05054945054945055,0.015384615384615385,2
400162,16,66691,975,0.8615384615384616,0.03282051282051282,0.9271794871794872,0.033846153846153845,1
609854,25,22721,286,0.7902097902097902,0.3006993006993007,0.5804195804195804,0.1048951048951049,2
609813,67,22361,136,0.7647058823529411,0.9705882352941176,0.007352941176470588,0.007352941176470588,4
609949,15,23401,1004,0.7410358565737052,0.027888446215139442,0.8286852589641435,0.08864541832669323,2
610176,74,25381,391,0.7953964194373402,0.9616368286445013,0.020460358056265986,0.0,2
609969,8,23561,327,0.6055045871559633,0.8807339449541285,0.05198776758409786,0.03363914373088685,0
400175,39,63143,189,0.7883597883597884,0.7671957671957672,0.20105820105820105,0.015873015873015872,4
610142,8,25071,497,0.4507042253521127,0.6438631790744467,0.08651911468812877,0.158953722334004,2
609990,34,23751,799,0.24780976220275344,0.37797246558197745,0.1214017521902378,0.2928660826032541,8
400125,22,66108,158,0.7911392405063291,0.08860759493670886,0.8860759493670886,0.02531645569620253,2
609928,4,23271,319,0.7554858934169278,0.9686520376175548,0.018808777429467086,0.0,3
610249,61,26781,342,0.783625730994152,0.014619883040935672,0.9619883040935673,0.014619883040935672,3
609800,45,22241,266,0.6729323308270677,0.9774436090225563,0.011278195488721804,0.0,4
610284,10,22071,523,0.6118546845124283,0.3078393881453155,0.42447418738049714,0.12810707456978968,2
610564,16,26921,747,0.6104417670682731,0.214190093708166,0.5582329317269076,0.16599732262382866,3
610177,29,29281,991,0.24117053481331988,0.23814328960645811,0.12512613521695257,0.2532795156407669,2
609809,23,22311,683,0.37481698389458273,0.048316251830161056,0.5021961932650073,0.35871156661786235,1
610362,72,26591,219,0.6940639269406392,0.9406392694063926,0.0502283105022831,0.0045662100456621,2
610183,26,25441,385,0.7714285714285715,0.9324675324675324,0.04155844155844156,0.007792207792207792,3
610127,13,24941,838,0.5477326968973747,0.07517899761336516,0.3520286396181384,0.2947494033412888,1
610004,45,23891,165,0.7878787878787878,0.9757575757575757,0.012121212121212121,0.006060606060606061,3
609819,7,22411,277,0.7328519855595668,0.924187725631769,0.039711191335740074,0.01444043321299639,2
400144,26,66628,65,0.8307692307692308,0.8307692307692308,0.15384615384615385,0.0,2
