,School_ID,Wards,crime_capita,Year,Attendance
21,609715,1,0.0975272727272727,2013,90.725
23,610357,1,0.0975272727272727,2013,90.3
26,400135,1,0.0975272727272727,2013,74.975
39,609715,1,0.0846545454545454,2014,92.5
41,610357,1,0.0846545454545454,2014,89.65
44,400135,1,0.0846545454545454,2014,78.73333333333333
57,609715,1,0.0828545454545454,2015,91.55
59,610357,1,0.0828545454545454,2015,85.875
62,400135,1,0.0828545454545454,2015,78.06666666666666
75,609715,1,0.0956363636363636,2016,90.35
77,610357,1,0.0956363636363636,2016,90.1
80,400135,1,0.0956363636363636,2016,69.53333333333333
93,609715,1,0.0977090909090909,2017,89.025
95,610357,1,0.0977090909090909,2017,85.85
98,400135,1,0.0977090909090909,2017,57.975
111,609715,1,0.0880181818181818,2018,90.7
113,610357,1,0.0880181818181818,2018,88.675
116,400135,1,0.0880181818181818,2018,65.425
129,609715,1,0.0876,2019,89.375
131,610357,1,0.0876,2019,82.975
134,400135,1,0.0876,2019,67.56666666666666
165,609715,1,0.0611818181818181,2021,77.8
167,610357,1,0.0611818181818181,2021,60.15
170,400135,1,0.0611818181818181,2021,56.03333333333333
183,609715,1,0.0803818181818181,2022,78.5
185,610357,1,0.0803818181818181,2022,64.575
188,400135,1,0.0803818181818181,2022,63.46666666666667
256,610570,2,0.1941636363636363,2015,52.75
271,610570,2,0.2064,2016,55.2
286,610570,2,0.2083272727272727,2017,56.125
301,610570,2,0.1834,2018,58.650000000000006
316,610570,2,0.0958909090909091,2019,54.975
346,610570,2,0.0634909090909091,2021,51.0
361,610570,2,0.0683090909090909,2022,38.125
382,610391,3,0.1516727272727272,2013,91.975
384,609709,3,0.1516727272727272,2013,77.32499999999999
388,609711,3,0.1516727272727272,2013,78.44999999999999
395,610563,3,0.1327454545454545,2014,95.8
396,610391,3,0.1327454545454545,2014,92.55
398,609709,3,0.1327454545454545,2014,79.65
402,609711,3,0.1327454545454545,2014,84.05
409,610563,3,0.1217818181818181,2015,96.6
410,610391,3,0.1217818181818181,2015,92.25
412,609709,3,0.1217818181818181,2015,85.1
416,609711,3,0.1217818181818181,2015,85.8
421,400167,3,0.1281090909090909,2016,98.4
423,610563,3,0.1281090909090909,2016,95.96666666666664
424,610391,3,0.1281090909090909,2016,92.15
426,609709,3,0.1281090909090909,2016,90.525
430,609711,3,0.1281090909090909,2016,85.80000000000001
435,400167,3,0.1290181818181818,2017,92.5
437,610563,3,0.1290181818181818,2017,94.0
438,610391,3,0.1290181818181818,2017,90.6
440,609709,3,0.1290181818181818,2017,91.6
444,609711,3,0.1290181818181818,2017,81.075
449,400167,3,0.1275636363636363,2018,94.06666666666666
451,610563,3,0.1275636363636363,2018,93.25
452,610391,3,0.1275636363636363,2018,90.725
454,609709,3,0.1275636363636363,2018,90.625
458,609711,3,0.1275636363636363,2018,84.7
463,400167,3,0.1346363636363636,2019,93.925
465,610563,3,0.1346363636363636,2019,91.35
466,610391,3,0.1346363636363636,2019,90.5
468,609709,3,0.1346363636363636,2019,88.6
472,609711,3,0.1346363636363636,2019,85.0
491,400167,3,0.112490909090909,2021,94.6
493,610563,3,0.112490909090909,2021,86.9
494,610391,3,0.112490909090909,2021,86.35
496,609709,3,0.112490909090909,2021,73.3
500,609711,3,0.112490909090909,2021,88.0
505,400167,3,0.1347636363636363,2022,92.5
507,610563,3,0.1347636363636363,2022,84.35
508,610391,3,0.1347636363636363,2022,86.9
510,609709,3,0.1347636363636363,2022,82.075
538,609682,4,0.0893818181818181,2013,79.65
544,400086,4,0.0893818181818181,2013,94.475
548,400077,4,0.0893818181818181,2013,96.025
553,400129,4,0.0893818181818181,2013,79.63333333333334
556,610386,4,0.0893818181818181,2013,87.26666666666667
557,400106,4,0.0893818181818181,2013,91.66666666666669
559,609682,4,0.0838545454545454,2014,84.025
565,400086,4,0.0838545454545454,2014,94.2
569,400077,4,0.0838545454545454,2014,95.8
574,400129,4,0.0838545454545454,2014,74.56666666666666
577,610386,4,0.0838545454545454,2014,87.26666666666667
578,400106,4,0.0838545454545454,2014,93.625
580,609682,4,0.0838181818181818,2015,84.425
586,400086,4,0.0838181818181818,2015,94.5
590,400077,4,0.0838181818181818,2015,95.55
595,400129,4,0.0838181818181818,2015,75.53333333333333
598,610386,4,0.0838181818181818,2015,86.2
599,400106,4,0.0838181818181818,2015,92.475
601,609682,4,0.0918,2016,77.6
607,400086,4,0.0918,2016,92.25
611,400077,4,0.0918,2016,92.925
616,400129,4,0.0918,2016,62.4
619,610386,4,0.0918,2016,86.56666666666666
620,400106,4,0.0918,2016,91.225
622,609682,4,0.094290909090909,2017,76.675
628,400086,4,0.094290909090909,2017,91.375
631,400029,4,0.094290909090909,2017,76.9
632,400077,4,0.094290909090909,2017,92.85
637,400129,4,0.094290909090909,2017,54.925
640,610386,4,0.094290909090909,2017,82.25
641,400106,4,0.094290909090909,2017,88.15
643,609682,4,0.1014,2018,77.6
649,400086,4,0.1014,2018,90.425
653,400077,4,0.1014,2018,93.375
658,400129,4,0.1014,2018,59.0
661,610386,4,0.1014,2018,84.925
662,400106,4,0.1014,2018,86.675
664,609682,4,0.1268181818181818,2019,78.575
670,400086,4,0.1268181818181818,2019,93.625
674,400077,4,0.1268181818181818,2019,92.55
679,400129,4,0.1268181818181818,2019,60.53333333333333
682,610386,4,0.1268181818181818,2019,85.39999999999999
683,400106,4,0.1268181818181818,2019,88.35
706,609682,4,0.103290909090909,2021,66.925
712,400086,4,0.103290909090909,2021,79.95
716,400077,4,0.103290909090909,2021,85.625
721,400129,4,0.103290909090909,2021,72.46666666666667
724,610386,4,0.103290909090909,2021,74.03333333333335
725,400106,4,0.103290909090909,2021,63.15
727,609682,4,0.1417090909090909,2022,74.7
733,400086,4,0.1417090909090909,2022,89.9
737,400077,4,0.1417090909090909,2022,82.975
742,400129,4,0.1417090909090909,2022,63.5
745,610386,4,0.1417090909090909,2022,78.10000000000001
746,400106,4,0.1417090909090909,2022,76.5
760,609733,5,0.1404545454545454,2013,80.6
762,400035,5,0.1404545454545454,2013,94.375
767,400121,5,0.1182,2014,93.0
768,609733,5,0.1182,2014,85.225
770,400035,5,0.1182,2014,95.95
775,400121,5,0.1151272727272727,2015,94.7
776,609733,5,0.1151272727272727,2015,89.375
778,400035,5,0.1151272727272727,2015,96.425
783,400121,5,0.1092,2016,94.36666666666667
784,609733,5,0.1092,2016,86.775
786,400035,5,0.1092,2016,95.95
791,400121,5,0.1131090909090909,2017,93.625
792,609733,5,0.1131090909090909,2017,86.17500000000001
794,400035,5,0.1131090909090909,2017,94.9
799,400121,5,0.1152727272727272,2018,93.825
800,609733,5,0.1152727272727272,2018,83.95
802,400035,5,0.1152727272727272,2018,95.575
807,400121,5,0.1077272727272727,2019,92.0
808,609733,5,0.1077272727272727,2019,85.35
810,400035,5,0.1077272727272727,2019,94.8
823,400121,5,0.0963818181818181,2021,85.9
824,609733,5,0.0963818181818181,2021,74.6
826,400035,5,0.0963818181818181,2021,96.75
831,400121,5,0.1116,2022,82.375
832,609733,5,0.1116,2022,77.8
834,400035,5,0.1116,2022,92.175
850,609741,6,0.1907636363636363,2013,90.95
859,609741,6,0.1602181818181818,2014,91.675
868,609741,6,0.1626181818181818,2015,91.875
877,609741,6,0.1582909090909091,2016,91.5
886,609741,6,0.1563454545454545,2017,89.825
888,400179,6,0.1563454545454545,2017,91.7
895,609741,6,0.1614909090909091,2018,90.175
897,400179,6,0.1614909090909091,2018,95.25
904,609741,6,0.1776727272727272,2019,90.05
906,400179,6,0.1776727272727272,2019,94.9
922,609741,6,0.1460909090909091,2021,87.95
924,400179,6,0.1460909090909091,2021,81.475
931,609741,6,0.1551090909090909,2022,80.45
933,400179,6,0.1551090909090909,2022,86.425
954,610245,7,0.1497454545454545,2013,79.05
958,610244,7,0.1497454545454545,2013,89.85
968,610245,7,0.1420727272727272,2014,76.1
972,610244,7,0.1420727272727272,2014,91.125
982,610245,7,0.1380363636363636,2015,78.82499999999999
986,610244,7,0.1380363636363636,2015,90.7
996,610245,7,0.1254181818181818,2016,79.0
1000,610244,7,0.1254181818181818,2016,92.3
1010,610245,7,0.1250545454545454,2017,79.85
1014,610244,7,0.1250545454545454,2017,92.825
1024,610245,7,0.1265272727272727,2018,80.7
1028,610244,7,0.1265272727272727,2018,91.325
1038,610245,7,0.1372545454545454,2019,82.375
1042,610244,7,0.1372545454545454,2019,89.775
1066,610245,7,0.1158545454545454,2021,55.575
1070,610244,7,0.1158545454545454,2021,71.25
1080,610245,7,0.1369454545454545,2022,77.89999999999999
1084,610244,7,0.1369454545454545,2022,70.925
1112,400085,8,0.1574363636363636,2013,97.075
1113,609756,8,0.1574363636363636,2013,87.925
1118,610543,8,0.1574363636363636,2013,91.7
1132,400085,8,0.1451272727272727,2014,95.025
1133,609756,8,0.1451272727272727,2014,89.8
1138,610543,8,0.1451272727272727,2014,93.175
1142,400149,8,0.1451272727272727,2014,95.6
1152,400085,8,0.1312,2015,93.4
1153,609756,8,0.1312,2015,87.525
1154,400173,8,0.1312,2015,87.475
1158,610543,8,0.1312,2015,93.725
1162,400149,8,0.1312,2015,95.7
1172,400085,8,0.1306727272727272,2016,93.4
1173,609756,8,0.1306727272727272,2016,87.95
1174,400173,8,0.1306727272727272,2016,45.35
1178,610543,8,0.1306727272727272,2016,94.45
1182,400149,8,0.1306727272727272,2016,94.23333333333332
1192,400085,8,0.1282545454545454,2017,94.6
1193,609756,8,0.1282545454545454,2017,87.825
1194,400173,8,0.1282545454545454,2017,43.575
1198,610543,8,0.1282545454545454,2017,94.1
1202,400149,8,0.1282545454545454,2017,90.05
1212,400085,8,0.1299454545454545,2018,93.25
1213,609756,8,0.1299454545454545,2018,88.275
1214,400173,8,0.1299454545454545,2018,68.75
1218,610543,8,0.1299454545454545,2018,93.975
1222,400149,8,0.1299454545454545,2018,87.525
1232,400085,8,0.1483636363636363,2019,90.55
1233,609756,8,0.1483636363636363,2019,86.825
1234,400173,8,0.1483636363636363,2019,75.8
1238,610543,8,0.1483636363636363,2019,94.1
1242,400149,8,0.1483636363636363,2019,87.975
1272,400085,8,0.1284727272727272,2021,81.85
1273,609756,8,0.1284727272727272,2021,82.875
1274,400173,8,0.1284727272727272,2021,73.47500000000001
1278,610543,8,0.1284727272727272,2021,83.625
1282,400149,8,0.1284727272727272,2021,86.025
1292,400085,8,0.1341272727272727,2022,81.0
1293,609756,8,0.1341272727272727,2022,78.425
1294,400173,8,0.1341272727272727,2022,57.275
1298,610543,8,0.1341272727272727,2022,87.575
1302,400149,8,0.1341272727272727,2022,82.375
1333,400064,9,0.142490909090909,2013,98.4
1334,610380,9,0.142490909090909,2013,89.325
1335,609769,9,0.142490909090909,2013,88.975
1338,610381,9,0.142490909090909,2013,88.05
1339,609727,9,0.142490909090909,2013,78.175
1341,400066,9,0.142490909090909,2013,97.35
1344,400124,9,0.142490909090909,2013,75.86666666666666
1345,609754,9,0.142490909090909,2013,89.75
1346,400145,9,0.142490909090909,2013,72.66666666666667
1353,400064,9,0.1312363636363636,2014,96.825
1354,610380,9,0.1312363636363636,2014,88.525
1355,609769,9,0.1312363636363636,2014,88.65
1358,610381,9,0.1312363636363636,2014,86.32499999999999
1359,609727,9,0.1312363636363636,2014,83.0
1361,400066,9,0.1312363636363636,2014,92.925
1364,400124,9,0.1312363636363636,2014,79.06666666666666
1365,609754,9,0.1312363636363636,2014,89.525
1366,400145,9,0.1312363636363636,2014,59.875
1373,400064,9,0.1198727272727272,2015,95.55
1374,610380,9,0.1198727272727272,2015,90.0
1375,609769,9,0.1198727272727272,2015,87.525
1378,610381,9,0.1198727272727272,2015,87.75
1379,609727,9,0.1198727272727272,2015,75.775
1381,400066,9,0.1198727272727272,2015,92.225
1384,400124,9,0.1198727272727272,2015,79.26666666666667
1385,609754,9,0.1198727272727272,2015,89.15
1386,400145,9,0.1198727272727272,2015,66.3
1393,400064,9,0.1252545454545454,2016,94.325
1394,610380,9,0.1252545454545454,2016,88.475
1395,609769,9,0.1252545454545454,2016,89.23333333333333
1398,610381,9,0.1252545454545454,2016,87.4
1399,609727,9,0.1252545454545454,2016,81.2
1401,400066,9,0.1252545454545454,2016,92.2
1404,400124,9,0.1252545454545454,2016,73.0
1405,609754,9,0.1252545454545454,2016,93.125
1406,400145,9,0.1252545454545454,2016,64.0
1413,400064,9,0.1275090909090909,2017,92.425
1414,610380,9,0.1275090909090909,2017,86.9
1415,609769,9,0.1275090909090909,2017,81.0
1418,610381,9,0.1275090909090909,2017,88.9
1419,609727,9,0.1275090909090909,2017,80.25
1421,400066,9,0.1275090909090909,2017,89.25
1424,400124,9,0.1275090909090909,2017,61.025000000000006
1425,609754,9,0.1275090909090909,2017,91.65
1426,400145,9,0.1275090909090909,2017,62.875
1433,400064,9,0.1339636363636363,2018,92.75
1434,610380,9,0.1339636363636363,2018,86.425
1435,609769,9,0.1339636363636363,2018,76.35
1438,610381,9,0.1339636363636363,2018,82.6
1439,609727,9,0.1339636363636363,2018,83.225
1441,400066,9,0.1339636363636363,2018,89.9
1444,400124,9,0.1339636363636363,2018,59.35
1445,609754,9,0.1339636363636363,2018,92.05
1446,400145,9,0.1339636363636363,2018,62.45
1453,400064,9,0.1434,2019,93.65
1454,610380,9,0.1434,2019,84.35
1455,609769,9,0.1434,2019,87.3
1458,610381,9,0.1434,2019,84.65
1459,609727,9,0.1434,2019,81.4
1461,400066,9,0.1434,2019,89.2
1464,400124,9,0.1434,2019,65.26666666666667
1465,609754,9,0.1434,2019,89.675
1466,400145,9,0.1434,2019,56.9
1493,400064,9,0.1165818181818181,2021,78.325
1494,610380,9,0.1165818181818181,2021,79.925
1495,609769,9,0.1165818181818181,2021,82.5
1498,610381,9,0.1165818181818181,2021,84.075
1499,609727,9,0.1165818181818181,2021,58.575
1501,400066,9,0.1165818181818181,2021,70.5
1504,400124,9,0.1165818181818181,2021,71.3
1505,609754,9,0.1165818181818181,2021,84.0
1506,400145,9,0.1165818181818181,2021,35.06666666666667
1513,400064,9,0.1226,2022,80.07499999999999
1514,610380,9,0.1226,2022,82.125
1515,609769,9,0.1226,2022,81.0
1518,610381,9,0.1226,2022,84.925
1519,609727,9,0.1226,2022,61.075
1521,400066,9,0.1226,2022,76.7
1524,400124,9,0.1226,2022,68.5
1525,609754,9,0.1226,2022,81.0
1526,400145,9,0.1226,2022,58.96666666666667
1549,609676,10,0.0995636363636363,2013,82.125
1555,400137,10,0.0995636363636363,2013,78.0
1556,400105,10,0.0995636363636363,2013,96.33333333333331
1557,609751,10,0.0995636363636363,2013,89.15
1559,609678,10,0.0995636363636363,2013,93.625
1561,609746,10,0.0995636363636363,2013,88.05
1566,609676,10,0.0918181818181818,2014,89.25
1572,400137,10,0.0918181818181818,2014,69.225
1573,400105,10,0.0918181818181818,2014,92.925
1574,609751,10,0.0918181818181818,2014,92.05
1576,609678,10,0.0918181818181818,2014,93.325
1578,609746,10,0.0918181818181818,2014,90.625
1583,609676,10,0.0849818181818181,2015,80.8
1589,400137,10,0.0849818181818181,2015,81.5
1590,400105,10,0.0849818181818181,2015,90.475
1591,609751,10,0.0849818181818181,2015,93.025
1593,609678,10,0.0849818181818181,2015,92.875
1595,609746,10,0.0849818181818181,2015,90.8
1600,609676,10,0.0825454545454545,2016,85.375
1606,400137,10,0.0825454545454545,2016,67.025
1607,400105,10,0.0825454545454545,2016,91.175
1608,609751,10,0.0825454545454545,2016,92.95
1610,609678,10,0.0825454545454545,2016,92.725
1612,609746,10,0.0825454545454545,2016,92.425
1617,609676,10,0.0803636363636363,2017,84.5
1618,610587,10,0.0803636363636363,2017,92.5
1623,400137,10,0.0803636363636363,2017,77.0
1624,400105,10,0.0803636363636363,2017,91.875
1625,609751,10,0.0803636363636363,2017,91.3
1627,609678,10,0.0803636363636363,2017,92.4
1629,609746,10,0.0803636363636363,2017,92.175
1634,609676,10,0.0747636363636363,2018,85.125
1635,610587,10,0.0747636363636363,2018,92.0
1640,400137,10,0.0747636363636363,2018,80.3
1641,400105,10,0.0747636363636363,2018,92.075
1642,609751,10,0.0747636363636363,2018,90.0
1644,609678,10,0.0747636363636363,2018,93.15
1646,609746,10,0.0747636363636363,2018,92.775
1651,609676,10,0.0679454545454545,2019,85.025
1652,610587,10,0.0679454545454545,2019,92.06666666666668
1657,400137,10,0.0679454545454545,2019,77.275
1658,400105,10,0.0679454545454545,2019,93.4
1659,609751,10,0.0679454545454545,2019,87.975
1661,609678,10,0.0679454545454545,2019,91.25
1663,609746,10,0.0679454545454545,2019,91.95
1685,609676,10,0.0656727272727272,2021,65.75
1686,610587,10,0.0656727272727272,2021,79.05
1691,400137,10,0.0656727272727272,2021,91.4
1692,400105,10,0.0656727272727272,2021,90.625
1693,609751,10,0.0656727272727272,2021,92.225
1695,609678,10,0.0656727272727272,2021,91.45
1697,609746,10,0.0656727272727272,2021,88.5
1702,609676,10,0.0725090909090909,2022,71.775
1703,610587,10,0.0725090909090909,2022,83.75
1708,400137,10,0.0725090909090909,2022,74.4
1709,400105,10,0.0725090909090909,2022,91.85
1710,609751,10,0.0725090909090909,2022,88.65
1712,609678,10,0.0725090909090909,2022,88.825
1714,609746,10,0.0725090909090909,2022,89.625
1724,400051,11,0.0755090909090909,2013,95.4
1729,400051,11,0.0673090909090909,2014,95.375
1734,400051,11,0.0627272727272727,2015,94.6
1739,400051,11,0.0635272727272727,2016,94.45
1744,400051,11,0.061090909090909,2017,94.125
1749,400051,11,0.0592181818181818,2018,94.175
1754,400051,11,0.0565090909090909,2019,94.725
1764,400051,11,0.0474181818181818,2021,67.425
1769,400051,11,0.0578727272727272,2022,86.775
1786,400054,12,0.0651090909090909,2013,94.975
1795,400054,12,0.0665636363636363,2014,95.65
1804,400054,12,0.0604727272727272,2015,95.725
1813,400054,12,0.0621818181818181,2016,95.15
1822,400054,12,0.0580727272727272,2017,94.85
1831,400054,12,0.0571272727272727,2018,94.575
1840,400054,12,0.0586,2019,94.725
1858,400054,12,0.0465818181818181,2021,85.075
1867,400054,12,0.0536545454545454,2022,88.5
1893,609692,13,0.0695272727272727,2013,83.45
1895,400117,13,0.0695272727272727,2013,92.1
1896,400062,13,0.0695272727272727,2013,99.0
1897,400033,13,0.0695272727272727,2013,85.8
1902,400061,13,0.0695272727272727,2013,97.075
1911,609692,13,0.0636,2014,86.975
1913,400117,13,0.0636,2014,91.55
1914,400062,13,0.0636,2014,93.45
1915,400033,13,0.0636,2014,90.35
1920,400061,13,0.0636,2014,93.95
1929,609692,13,0.0616363636363636,2015,89.975
1931,400117,13,0.0616363636363636,2015,92.23333333333332
1932,400062,13,0.0616363636363636,2015,94.45
1933,400033,13,0.0616363636363636,2015,91.275
1938,400061,13,0.0616363636363636,2015,94.35
1947,609692,13,0.0658545454545454,2016,90.625
1949,400117,13,0.0658545454545454,2016,91.85
1950,400062,13,0.0658545454545454,2016,92.125
1951,400033,13,0.0658545454545454,2016,90.25
1956,400061,13,0.0658545454545454,2016,91.9
1965,609692,13,0.0584727272727272,2017,89.35
1967,400117,13,0.0584727272727272,2017,90.35
1968,400062,13,0.0584727272727272,2017,91.45
1969,400033,13,0.0584727272727272,2017,87.95
1974,400061,13,0.0584727272727272,2017,90.475
1983,609692,13,0.0536363636363636,2018,88.75
1985,400117,13,0.0536363636363636,2018,91.275
1986,400062,13,0.0536363636363636,2018,90.775
1987,400033,13,0.0536363636363636,2018,88.975
1992,400061,13,0.0536363636363636,2018,90.8
2001,609692,13,0.0412545454545454,2019,85.575
2003,400117,13,0.0412545454545454,2019,92.8
2004,400062,13,0.0412545454545454,2019,91.475
2005,400033,13,0.0412545454545454,2019,87.7
2010,400061,13,0.0412545454545454,2019,92.175
2037,609692,13,0.0350545454545454,2021,82.825
2039,400117,13,0.0350545454545454,2021,74.225
2040,400062,13,0.0350545454545454,2021,79.35
2041,400033,13,0.0350545454545454,2021,81.2
2046,400061,13,0.0350545454545454,2021,82.05
2055,609692,13,0.0418363636363636,2022,76.975
2057,400117,13,0.0418363636363636,2022,83.575
2058,400062,13,0.0418363636363636,2022,79.825
2059,400033,13,0.0418363636363636,2022,77.6
2064,400061,13,0.0418363636363636,2022,80.94999999999999
2094,400058,14,0.0769090909090909,2013,97.4
2096,400118,14,0.0769090909090909,2013,91.3
2097,609748,14,0.0769090909090909,2013,96.35
2100,400059,14,0.0769090909090909,2013,93.75
2106,400128,14,0.0769090909090909,2013,82.60000000000001
2111,610499,14,0.0769090909090909,2013,78.575
2117,400058,14,0.0711272727272727,2014,92.65
2119,400118,14,0.0711272727272727,2014,90.85
2120,609748,14,0.0711272727272727,2014,94.225
2123,400059,14,0.0711272727272727,2014,90.975
2129,400128,14,0.0711272727272727,2014,69.4
2134,610499,14,0.0711272727272727,2014,79.025
2140,400058,14,0.0688,2015,97.0
2142,400118,14,0.0688,2015,91.2
2143,609748,14,0.0688,2015,86.625
2146,400059,14,0.0688,2015,91.075
2152,400128,14,0.0688,2015,62.5
2157,610499,14,0.0688,2015,78.8
2163,400058,14,0.0652,2016,95.95
2165,400118,14,0.0652,2016,90.725
2166,609748,14,0.0652,2016,92.45
2169,400059,14,0.0652,2016,91.575
2175,400128,14,0.0652,2016,60.53333333333333
2180,610499,14,0.0652,2016,80.65
2186,400058,14,0.0597272727272727,2017,93.2
2188,400118,14,0.0597272727272727,2017,88.875
2189,609748,14,0.0597272727272727,2017,96.975
2192,400059,14,0.0597272727272727,2017,90.2
2198,400128,14,0.0597272727272727,2017,59.55
2203,610499,14,0.0597272727272727,2017,83.075
2209,400058,14,0.0561090909090909,2018,95.9
2211,400118,14,0.0561090909090909,2018,87.3
2212,609748,14,0.0561090909090909,2018,71.05
2215,400059,14,0.0561090909090909,2018,92.05
2221,400128,14,0.0561090909090909,2018,56.925
2226,610499,14,0.0561090909090909,2018,85.75
2232,400058,14,0.0537818181818181,2019,92.4
2234,400118,14,0.0537818181818181,2019,87.375
2235,609748,14,0.0537818181818181,2019,73.825
2238,400059,14,0.0537818181818181,2019,96.325
2244,400128,14,0.0537818181818181,2019,51.7
2249,610499,14,0.0537818181818181,2019,81.975
2278,400058,14,0.0434181818181818,2021,79.525
2280,400118,14,0.0434181818181818,2021,50.125
2281,609748,14,0.0434181818181818,2021,62.975
2284,400059,14,0.0434181818181818,2021,77.85
2290,400128,14,0.0434181818181818,2021,51.06666666666666
2295,610499,14,0.0434181818181818,2021,65.975
2301,400058,14,0.0567818181818181,2022,78.5
2303,400118,14,0.0567818181818181,2022,71.65
2304,609748,14,0.0567818181818181,2022,61.475
2307,400059,14,0.0567818181818181,2022,71.775
2313,400128,14,0.0567818181818181,2022,50.63333333333333
2318,610499,14,0.0567818181818181,2022,75.95
2337,609718,15,0.1513818181818181,2013,87.1
2340,609694,15,0.1513818181818181,2013,88.375
2347,609718,15,0.1258545454545454,2014,88.25
2350,609694,15,0.1258545454545454,2014,88.425
2357,609718,15,0.1242363636363636,2015,88.475
2360,609694,15,0.1242363636363636,2015,90.25
2367,609718,15,0.1123636363636363,2016,89.7
2370,609694,15,0.1123636363636363,2016,90.675
2377,609718,15,0.1137818181818181,2017,87.675
2380,609694,15,0.1137818181818181,2017,92.425
2387,609718,15,0.1041272727272727,2018,88.975
2390,609694,15,0.1041272727272727,2018,91.775
2397,609718,15,0.0694181818181818,2019,89.325
2400,609694,15,0.0694181818181818,2019,91.275
2417,609718,15,0.0542545454545454,2021,82.3
2420,609694,15,0.0542545454545454,2021,93.575
2427,609718,15,0.0583272727272727,2022,80.1
2430,609694,15,0.0583272727272727,2022,91.525
2439,609730,16,0.1573090909090909,2013,90.575
2444,609730,16,0.1378181818181818,2014,91.35
2449,609730,16,0.1292545454545454,2015,92.0
2454,609730,16,0.1244545454545454,2016,90.25
2459,609730,16,0.1177090909090909,2017,88.025
2464,609730,16,0.1242363636363636,2018,90.175
2469,609730,16,0.1447454545454545,2019,89.6
2479,609730,16,0.1116545454545454,2021,88.0
2484,609730,16,0.1064909090909091,2022,82.925
2491,609716,17,0.1881818181818181,2013,78.35
2495,609708,17,0.1881818181818181,2013,85.225
2496,609716,17,0.1724,2014,76.35000000000001
2500,609708,17,0.1724,2014,87.1
2501,609716,17,0.1711636363636363,2015,80.4
2505,609708,17,0.1711636363636363,2015,88.55
2506,609716,17,0.1578181818181818,2016,79.8
2510,609708,17,0.1578181818181818,2016,88.95
2511,609716,17,0.1591818181818181,2017,83.05000000000001
2515,609708,17,0.1591818181818181,2017,85.1
2516,609716,17,0.1620181818181818,2018,82.05
2520,609708,17,0.1620181818181818,2018,86.525
2521,609716,17,0.1529272727272727,2019,81.17500000000001
2525,609708,17,0.1529272727272727,2019,83.375
2531,609716,17,0.1188,2021,97.65
2535,609708,17,0.1188,2021,72.975
2536,609716,17,0.1213636363636363,2022,73.025
2540,609708,17,0.1213636363636363,2022,74.575
2553,609720,18,0.0910181818181818,2013,94.375
2554,609719,18,0.0910181818181818,2013,88.275
2555,610402,18,0.0910181818181818,2013,96.65
2563,609720,18,0.084490909090909,2014,93.675
2564,609719,18,0.084490909090909,2014,91.3
2565,610402,18,0.084490909090909,2014,94.0
2573,609720,18,0.0790363636363636,2015,93.975
2574,609719,18,0.0790363636363636,2015,89.6
2575,610402,18,0.0790363636363636,2015,95.3
2583,609720,18,0.0868363636363636,2016,93.625
2584,609719,18,0.0868363636363636,2016,88.55000000000001
2585,610402,18,0.0868363636363636,2016,96.05
2593,609720,18,0.0813272727272727,2017,94.1
2594,609719,18,0.0813272727272727,2017,89.25
2595,610402,18,0.0813272727272727,2017,95.6
2603,609720,18,0.0757636363636363,2018,93.3
2604,609719,18,0.0757636363636363,2018,88.1
2605,610402,18,0.0757636363636363,2018,95.1
2613,609720,18,0.0691090909090909,2019,92.725
2614,609719,18,0.0691090909090909,2019,85.225
2615,610402,18,0.0691090909090909,2019,94.1
2633,609720,18,0.0525818181818181,2021,93.25
2634,609719,18,0.0525818181818181,2021,78.925
2635,610402,18,0.0525818181818181,2021,93.7
2643,609720,18,0.0588,2022,90.775
2644,609719,18,0.0588,2022,77.45
2645,610402,18,0.0588,2022,91.55
2661,610390,19,0.0466727272727272,2013,92.15
2662,609766,19,0.0466727272727272,2013,86.5
2669,610390,19,0.0433272727272727,2014,92.325
2670,609766,19,0.0433272727272727,2014,88.675
2677,610390,19,0.0437454545454545,2015,92.225
2678,609766,19,0.0437454545454545,2015,89.675
2685,610390,19,0.0431818181818181,2016,92.575
2686,609766,19,0.0431818181818181,2016,88.67500000000001
2693,610390,19,0.0413636363636363,2017,90.025
2694,609766,19,0.0413636363636363,2017,88.225
2701,610390,19,0.0408,2018,91.35
2702,609766,19,0.0408,2018,88.575
2709,610390,19,0.0367636363636363,2019,90.15
2710,609766,19,0.0367636363636363,2019,85.975
2725,610390,19,0.0346545454545454,2021,84.125
2726,609766,19,0.0346545454545454,2021,82.775
2733,610390,19,0.0371272727272727,2022,86.5
2734,609766,19,0.0371272727272727,2022,83.825
2760,609728,20,0.1758,2013,85.875
2764,610568,20,0.154090909090909,2014,73.275
2771,609728,20,0.154090909090909,2014,83.675
2775,610568,20,0.1474545454545454,2015,77.35
2782,609728,20,0.1474545454545454,2015,86.875
2786,610568,20,0.1409090909090909,2016,36.625
2793,609728,20,0.1409090909090909,2016,85.625
2797,610568,20,0.1412,2017,49.35
2804,609728,20,0.1412,2017,86.675
2808,610568,20,0.1383272727272727,2018,76.825
2815,609728,20,0.1383272727272727,2018,88.875
2819,610568,20,0.1467818181818181,2019,79.9
2826,609728,20,0.1467818181818181,2019,89.35
2841,610568,20,0.1220909090909091,2021,75.05
2848,609728,20,0.1220909090909091,2021,82.625
2852,610568,20,0.1323272727272727,2022,52.2
2859,609728,20,0.1323272727272727,2022,79.0
2876,400013,21,0.1752363636363636,2013,96.05
2879,400125,21,0.1752363636363636,2013,77.03333333333333
2886,400013,21,0.1570181818181818,2014,91.725
2888,400162,21,0.1570181818181818,2014,91.8
2889,400125,21,0.1570181818181818,2014,74.5
2894,400169,21,0.1506545454545454,2015,93.5
2896,400013,21,0.1506545454545454,2015,87.525
2898,400162,21,0.1506545454545454,2015,93.6
2899,400125,21,0.1506545454545454,2015,66.63333333333334
2903,400172,21,0.1499636363636363,2016,91.9
2904,400169,21,0.1499636363636363,2016,93.6
2906,400013,21,0.1499636363636363,2016,90.775
2908,400162,21,0.1499636363636363,2016,93.33333333333331
2909,400125,21,0.1499636363636363,2016,57.93333333333334
2913,400172,21,0.1466,2017,90.8
2914,400169,21,0.1466,2017,92.46666666666664
2916,400013,21,0.1466,2017,89.9
2918,400162,21,0.1466,2017,93.425
2919,400125,21,0.1466,2017,55.75
2923,400172,21,0.1504181818181818,2018,88.76666666666667
2924,400169,21,0.1504181818181818,2018,93.45
2926,400013,21,0.1504181818181818,2018,89.15
2928,400162,21,0.1504181818181818,2018,93.3
2929,400125,21,0.1504181818181818,2018,54.825
2933,400172,21,0.1514,2019,86.875
2934,400169,21,0.1514,2019,94.2
2936,400013,21,0.1514,2019,91.7
2938,400162,21,0.1514,2019,93.55
2939,400125,21,0.1514,2019,65.23333333333333
2953,400172,21,0.1166909090909091,2021,78.9
2954,400169,21,0.1166909090909091,2021,78.85
2956,400013,21,0.1166909090909091,2021,85.475
2958,400162,21,0.1166909090909091,2021,92.375
2959,400125,21,0.1166909090909091,2021,70.73333333333333
2963,400172,21,0.1322,2022,80.15
2964,400169,21,0.1322,2022,86.4
2966,400013,21,0.1322,2022,84.75
2968,400162,21,0.1322,2022,88.55000000000001
2969,400125,21,0.1322,2022,66.86666666666666
2990,400147,22,0.0651272727272727,2013,66.725
2992,609762,22,0.0651272727272727,2013,80.775
3002,609705,22,0.0651272727272727,2013,80.125
3010,400147,22,0.0601272727272727,2014,77.275
3012,609762,22,0.0601272727272727,2014,76.2
3022,609705,22,0.0601272727272727,2014,79.975
3030,400147,22,0.0563090909090909,2015,63.25
3032,609762,22,0.0563090909090909,2015,79.5
3042,609705,22,0.0563090909090909,2015,83.625
3050,400147,22,0.0574727272727272,2016,82.75
3052,609762,22,0.0574727272727272,2016,83.475
3062,609705,22,0.0574727272727272,2016,86.425
3070,400147,22,0.055690909090909,2017,74.3
3072,609762,22,0.055690909090909,2017,81.725
3082,609705,22,0.055690909090909,2017,86.325
3085,400171,22,0.055690909090909,2017,92.8
3090,400147,22,0.0607272727272727,2018,82.175
3092,609762,22,0.0607272727272727,2018,80.75
3102,609705,22,0.0607272727272727,2018,86.975
3105,400171,22,0.0607272727272727,2018,90.15
3110,400147,22,0.0606545454545454,2019,77.15
3112,609762,22,0.0606545454545454,2019,80.775
3122,609705,22,0.0606545454545454,2019,87.8
3125,400171,22,0.0606545454545454,2019,88.16666666666667
3150,400147,22,0.0462,2021,65.075
3151,610593,22,0.0462,2021,46.150000000000006
3152,609762,22,0.0462,2021,72.075
3162,609705,22,0.0462,2021,61.725
3170,400147,22,0.0532181818181818,2022,71.325
3171,610593,22,0.0532181818181818,2022,51.025
3172,609762,22,0.0532181818181818,2022,74.4
3182,609705,22,0.0532181818181818,2022,71.4
3217,609693,23,0.0668181818181818,2013,92.225
3221,400119,23,0.0668181818181818,2013,87.3
3223,400123,23,0.0668181818181818,2013,63.875
3226,609750,23,0.0668181818181818,2013,50.525
3228,609723,23,0.0668181818181818,2013,75.4
3230,610334,23,0.0668181818181818,2013,82.0
3232,609722,23,0.0668181818181818,2013,79.625
3235,400057,23,0.0668181818181818,2013,95.75
3242,609693,23,0.0569818181818181,2014,92.75
3246,400119,23,0.0569818181818181,2014,85.95
3248,400123,23,0.0569818181818181,2014,80.13333333333333
3251,609750,23,0.0569818181818181,2014,59.85
3253,609723,23,0.0569818181818181,2014,81.92500000000001
3255,610334,23,0.0569818181818181,2014,83.7
3257,609722,23,0.0569818181818181,2014,83.725
3260,400057,23,0.0569818181818181,2014,94.95
3262,610571,23,0.0569818181818181,2014,40.05
3267,609693,23,0.0566181818181818,2015,91.675
3271,400119,23,0.0566181818181818,2015,87.66666666666667
3273,400123,23,0.0566181818181818,2015,71.03333333333335
3276,609750,23,0.0566181818181818,2015,61.575
3278,609723,23,0.0566181818181818,2015,86.5
3280,610334,23,0.0566181818181818,2015,86.775
3282,609722,23,0.0566181818181818,2015,85.275
3285,400057,23,0.0566181818181818,2015,95.575
3287,610571,23,0.0566181818181818,2015,47.95
3292,609693,23,0.0614,2016,92.6
3296,400119,23,0.0614,2016,86.75
3298,400123,23,0.0614,2016,70.8
3301,609750,23,0.0614,2016,62.6
3303,609723,23,0.0614,2016,89.175
3305,610334,23,0.0614,2016,85.15
3307,609722,23,0.0614,2016,80.55
3310,400057,23,0.0614,2016,94.9
3312,610571,23,0.0614,2016,46.5
3317,609693,23,0.0565636363636363,2017,91.825
3321,400119,23,0.0565636363636363,2017,89.375
3323,400123,23,0.0565636363636363,2017,54.5
3326,609750,23,0.0565636363636363,2017,53.925
3328,609723,23,0.0565636363636363,2017,78.975
3330,610334,23,0.0565636363636363,2017,85.17500000000001
3332,609722,23,0.0565636363636363,2017,73.9
3335,400057,23,0.0565636363636363,2017,94.15
3337,610571,23,0.0565636363636363,2017,48.825
3342,609693,23,0.0575636363636363,2018,91.825
3346,400119,23,0.0575636363636363,2018,86.725
3348,400123,23,0.0575636363636363,2018,49.875
3351,609750,23,0.0575636363636363,2018,61.975
3353,609723,23,0.0575636363636363,2018,73.725
3355,610334,23,0.0575636363636363,2018,82.95
3357,609722,23,0.0575636363636363,2018,74.25
3360,400057,23,0.0575636363636363,2018,92.7
3362,610571,23,0.0575636363636363,2018,50.975
3367,609693,23,0.0451272727272727,2019,91.525
3371,400119,23,0.0451272727272727,2019,85.575
3373,400123,23,0.0451272727272727,2019,64.06666666666666
3376,609750,23,0.0451272727272727,2019,59.0
3378,609723,23,0.0451272727272727,2019,77.375
3380,610334,23,0.0451272727272727,2019,80.65
3382,609722,23,0.0451272727272727,2019,76.65
3385,400057,23,0.0451272727272727,2019,93.375
3387,610571,23,0.0451272727272727,2019,54.975
3417,609693,23,0.0400545454545454,2021,83.575
3421,400119,23,0.0400545454545454,2021,75.45
3423,400123,23,0.0400545454545454,2021,62.3
3426,609750,23,0.0400545454545454,2021,67.1
3428,609723,23,0.0400545454545454,2021,57.325
3430,610334,23,0.0400545454545454,2021,66.95
3432,609722,23,0.0400545454545454,2021,57.55
3435,400057,23,0.0400545454545454,2021,84.225
3437,610571,23,0.0400545454545454,2021,49.1
3442,609693,23,0.0459090909090909,2022,86.5
3446,400119,23,0.0459090909090909,2022,79.9
3448,400123,23,0.0459090909090909,2022,49.0
3451,609750,23,0.0459090909090909,2022,48.2
3453,609723,23,0.0459090909090909,2022,64.275
3455,610334,23,0.0459090909090909,2022,66.425
3457,609722,23,0.0459090909090909,2022,63.45
3460,400057,23,0.0459090909090909,2022,82.125
3462,610571,23,0.0459090909090909,2022,40.375
3473,609724,24,0.2422545454545454,2013,87.65
3474,609695,24,0.2422545454545454,2013,88.6
3475,609749,24,0.2422545454545454,2013,94.9
3481,609724,24,0.223890909090909,2014,89.7
3482,609695,24,0.223890909090909,2014,90.3
3483,609749,24,0.223890909090909,2014,92.9
3489,609724,24,0.2198181818181818,2015,90.925
3490,609695,24,0.2198181818181818,2015,90.375
3491,609749,24,0.2198181818181818,2015,94.45
3497,609724,24,0.2235818181818182,2016,89.775
3498,609695,24,0.2235818181818182,2016,91.55
3499,609749,24,0.2235818181818182,2016,93.375
3505,609724,24,0.2291454545454545,2017,90.325
3506,609695,24,0.2291454545454545,2017,91.05
3507,609749,24,0.2291454545454545,2017,93.6
3513,609724,24,0.2304363636363636,2018,88.0
3514,609695,24,0.2304363636363636,2018,91.2
3515,609749,24,0.2304363636363636,2018,94.1
3521,609724,24,0.2043090909090909,2019,89.55
3522,609695,24,0.2043090909090909,2019,90.725
3523,609749,24,0.2043090909090909,2019,93.6
3537,609724,24,0.1473818181818181,2021,82.6
3538,609695,24,0.1473818181818181,2021,83.875
3539,609749,24,0.1473818181818181,2021,94.375
3545,609724,24,0.1466727272727272,2022,82.55
3546,609695,24,0.1466727272727272,2022,84.875
3547,609749,24,0.1466727272727272,2022,91.4
3630,400036,26,0.0852181818181818,2013,93.65
3638,400091,26,0.0852181818181818,2013,85.425
3642,400104,26,0.0852181818181818,2013,87.66666666666667
3647,609764,26,0.0852181818181818,2013,89.175
3650,400036,26,0.0728363636363636,2014,94.375
3658,400091,26,0.0728363636363636,2014,88.25
3660,400164,26,0.0728363636363636,2014,78.5
3662,400104,26,0.0728363636363636,2014,92.425
3667,609764,26,0.0728363636363636,2014,90.3
3670,400036,26,0.0669454545454545,2015,91.775
3678,400091,26,0.0669454545454545,2015,87.85
3680,400164,26,0.0669454545454545,2015,78.23333333333333
3682,400104,26,0.0669454545454545,2015,90.675
3687,609764,26,0.0669454545454545,2015,89.35
3690,400036,26,0.0740909090909091,2016,94.925
3698,400091,26,0.0740909090909091,2016,88.4
3700,400164,26,0.0740909090909091,2016,70.63333333333334
3702,400104,26,0.0740909090909091,2016,89.7
3707,609764,26,0.0740909090909091,2016,89.675
3710,400036,26,0.0700363636363636,2017,64.375
3718,400091,26,0.0700363636363636,2017,87.5
3720,400164,26,0.0700363636363636,2017,59.0
3722,400104,26,0.0700363636363636,2017,89.625
3727,609764,26,0.0700363636363636,2017,85.725
3730,400036,26,0.0652181818181818,2018,87.95
3738,400091,26,0.0652181818181818,2018,90.125
3740,400164,26,0.0652181818181818,2018,69.175
3742,400104,26,0.0652181818181818,2018,87.575
3747,609764,26,0.0652181818181818,2018,85.2
3750,400036,26,0.0697090909090909,2019,79.975
3758,400091,26,0.0697090909090909,2019,89.775
3760,400164,26,0.0697090909090909,2019,64.8
3762,400104,26,0.0697090909090909,2019,87.55
3767,609764,26,0.0697090909090909,2019,85.025
3798,400091,26,0.0589818181818181,2021,81.67500000000001
3800,400164,26,0.0589818181818181,2021,55.725
3802,400104,26,0.0589818181818181,2021,97.0
3807,609764,26,0.0589818181818181,2021,77.3
3818,400091,26,0.0693090909090909,2022,83.425
3820,400164,26,0.0693090909090909,2022,44.55
3822,400104,26,0.0693090909090909,2022,79.8
3827,609764,26,0.0693090909090909,2022,78.6
3912,610385,28,0.2842363636363636,2013,91.075
3917,610384,28,0.2842363636363636,2013,93.375
3920,610383,28,0.2842363636363636,2013,91.925
3922,609704,28,0.2842363636363636,2013,83.925
3923,610392,28,0.2842363636363636,2013,93.5
3927,610385,28,0.2646909090909091,2014,88.77499999999999
3932,610384,28,0.2646909090909091,2014,92.525
3935,610383,28,0.2646909090909091,2014,91.475
3937,609704,28,0.2646909090909091,2014,87.775
3938,610392,28,0.2646909090909091,2014,93.375
3942,610385,28,0.2400545454545454,2015,89.075
3947,610384,28,0.2400545454545454,2015,91.9
3950,610383,28,0.2400545454545454,2015,91.9
3952,609704,28,0.2400545454545454,2015,87.725
3953,610392,28,0.2400545454545454,2015,92.45
3957,610385,28,0.2288,2016,85.975
3962,610384,28,0.2288,2016,93.4
3965,610383,28,0.2288,2016,90.0
3967,609704,28,0.2288,2016,87.5
3968,610392,28,0.2288,2016,93.1
3972,610385,28,0.2056545454545454,2017,83.875
3977,610384,28,0.2056545454545454,2017,92.55
3980,610383,28,0.2056545454545454,2017,89.32499999999999
3982,609704,28,0.2056545454545454,2017,85.85
3983,610392,28,0.2056545454545454,2017,90.575
3987,610385,28,0.2175272727272727,2018,89.175
3992,610384,28,0.2175272727272727,2018,93.075
3995,610383,28,0.2175272727272727,2018,90.15
3997,609704,28,0.2175272727272727,2018,86.45
3998,610392,28,0.2175272727272727,2018,91.4
4002,610385,28,0.2364545454545454,2019,85.95
4007,610384,28,0.2364545454545454,2019,92.15
4010,610383,28,0.2364545454545454,2019,86.3
4012,609704,28,0.2364545454545454,2019,86.725
4013,610392,28,0.2364545454545454,2019,90.15
4032,610385,28,0.1823454545454545,2021,98.95
4037,610384,28,0.1823454545454545,2021,86.825
4040,610383,28,0.1823454545454545,2021,77.4
4042,609704,28,0.1823454545454545,2021,70.42500000000001
4043,610392,28,0.1823454545454545,2021,86.1
4047,610385,28,0.1812727272727272,2022,72.0
4052,610384,28,0.1812727272727272,2022,89.425
4055,610383,28,0.1812727272727272,2022,75.1
4057,609704,28,0.1812727272727272,2022,70.25
4058,610392,28,0.1812727272727272,2022,86.4
4082,609734,29,0.1338,2013,89.85
4089,610569,29,0.1228,2014,57.5
4094,609734,29,0.1228,2014,89.15
4101,610569,29,0.1187454545454545,2015,56.775
4106,609734,29,0.1187454545454545,2015,90.525
4113,610569,29,0.1147818181818181,2016,45.45
4118,609734,29,0.1147818181818181,2016,90.5
4125,610569,29,0.1037090909090909,2017,45.85
4130,609734,29,0.1037090909090909,2017,88.6
4137,610569,29,0.1039090909090909,2018,51.4
4142,609734,29,0.1039090909090909,2018,89.4
4149,610569,29,0.1082545454545454,2019,64.35
4154,609734,29,0.1082545454545454,2019,89.25
4173,610569,29,0.092090909090909,2021,58.9
4178,609734,29,0.092090909090909,2021,86.95
4185,610569,29,0.099,2022,61.775
4190,609734,29,0.099,2022,83.575
4202,609698,30,0.077690909090909,2013,83.95
4208,610558,30,0.077690909090909,2013,95.3
4211,610557,30,0.077690909090909,2013,86.66666666666667
4213,609698,30,0.0694,2014,87.6
4219,610558,30,0.0694,2014,94.05
4222,610557,30,0.0694,2014,70.95
4224,609698,30,0.0662363636363636,2015,88.275
4230,610558,30,0.0662363636363636,2015,92.76666666666668
4233,610557,30,0.0662363636363636,2015,83.95
4235,609698,30,0.0644181818181818,2016,89.25
4241,610558,30,0.0644181818181818,2016,91.4
4244,610557,30,0.0644181818181818,2016,45.2
4246,609698,30,0.0627636363636363,2017,87.425
4252,610558,30,0.0627636363636363,2017,89.25
4255,610557,30,0.0627636363636363,2017,48.45
4257,609698,30,0.0553818181818181,2018,87.65
4263,610558,30,0.0553818181818181,2018,89.125
4266,610557,30,0.0553818181818181,2018,69.15
4268,609698,30,0.0488363636363636,2019,85.975
4274,610558,30,0.0488363636363636,2019,87.475
4277,610557,30,0.0488363636363636,2019,72.325
4290,609698,30,0.0403636363636363,2021,71.9
4296,610558,30,0.0403636363636363,2021,84.4
4299,610557,30,0.0403636363636363,2021,67.6
4301,609698,30,0.0457454545454545,2022,76.85
4307,610558,30,0.0457454545454545,2022,84.225
4310,610557,30,0.0457454545454545,2022,53.825
4331,609745,31,0.0786,2013,88.85
4332,400032,31,0.0786,2013,94.575
4335,400115,31,0.0786,2013,95.2
4344,609745,31,0.0699818181818181,2014,90.05
4345,400032,31,0.0699818181818181,2014,95.85
4348,400115,31,0.0699818181818181,2014,95.35
4356,400176,31,0.0655818181818181,2015,61.25
4357,609745,31,0.0655818181818181,2015,91.2
4358,400032,31,0.0655818181818181,2015,95.625
4361,400115,31,0.0655818181818181,2015,95.025
4369,400176,31,0.0643272727272727,2016,68.55
4370,609745,31,0.0643272727272727,2016,88.55000000000001
4371,400032,31,0.0643272727272727,2016,91.0
4374,400115,31,0.0643272727272727,2016,95.475
4382,400176,31,0.0648909090909091,2017,70.2
4383,609745,31,0.0648909090909091,2017,93.75
4384,400032,31,0.0648909090909091,2017,89.0
4387,400115,31,0.0648909090909091,2017,94.375
4395,400176,31,0.057,2018,73.65
4396,609745,31,0.057,2018,90.4
4397,400032,31,0.057,2018,89.0
4400,400115,31,0.057,2018,95.25
4408,400176,31,0.0529090909090909,2019,74.225
4409,609745,31,0.0529090909090909,2019,88.2
4410,400032,31,0.0529090909090909,2019,88.175
4413,400115,31,0.0529090909090909,2019,94.625
4434,400176,31,0.043890909090909,2021,56.366666666666674
4435,609745,31,0.043890909090909,2021,80.1
4436,400032,31,0.043890909090909,2021,78.7
4439,400115,31,0.043890909090909,2021,95.575
4447,400176,31,0.0498727272727272,2022,73.5
4448,609745,31,0.0498727272727272,2022,83.0
4449,400032,31,0.0498727272727272,2022,81.85
4452,400115,31,0.0498727272727272,2022,85.75
4472,400130,32,0.0860363636363636,2013,65.26666666666667
4489,400130,32,0.0816727272727272,2014,70.8
4502,610565,32,0.0816727272727272,2014,61.6
4506,400130,32,0.0770727272727272,2015,67.46666666666667
4519,610565,32,0.0770727272727272,2015,69.05
4523,400130,32,0.0864727272727272,2016,63.1
4536,610565,32,0.0864727272727272,2016,76.275
4540,400130,32,0.0870727272727272,2017,57.05
4553,610565,32,0.0870727272727272,2017,71.925
4557,400130,32,0.0763454545454545,2018,67.175
4570,610565,32,0.0763454545454545,2018,72.0
4574,400130,32,0.0595272727272727,2019,62.76666666666667
4587,610565,32,0.0595272727272727,2019,71.17500000000001
4608,400130,32,0.0441636363636363,2021,58.3
4612,610592,32,0.0441636363636363,2021,70.8
4621,610565,32,0.0441636363636363,2021,68.625
4625,400130,32,0.0537090909090909,2022,52.43333333333334
4629,610592,32,0.0537090909090909,2022,68.63333333333334
4638,610565,32,0.0537090909090909,2022,75.325
4657,400052,33,0.0525636363636363,2013,94.175
4661,609713,33,0.0525636363636363,2013,72.225
4668,400052,33,0.0460727272727272,2014,93.95
4672,609713,33,0.0460727272727272,2014,80.975
4679,400052,33,0.0457090909090909,2015,92.8
4683,609713,33,0.0457090909090909,2015,82.9
4690,400052,33,0.0454181818181818,2016,93.2
4694,609713,33,0.0454181818181818,2016,86.35
4701,400052,33,0.0476727272727272,2017,93.175
4705,609713,33,0.0476727272727272,2017,85.825
4712,400052,33,0.0478181818181818,2018,92.0
4716,609713,33,0.0478181818181818,2018,86.8
4723,400052,33,0.0434545454545454,2019,92.825
4727,609713,33,0.0434545454545454,2019,86.85
4745,400052,33,0.0364,2021,81.8
4749,609713,33,0.0364,2021,75.975
4756,400052,33,0.0430545454545454,2022,81.825
4760,609713,33,0.0430545454545454,2022,82.1
4771,609738,34,0.1584,2013,87.125
4777,609738,34,0.1359272727272727,2014,87.525
4783,609738,34,0.1254181818181818,2015,90.05
4789,609738,34,0.1225818181818181,2016,90.275
4795,609738,34,0.1252727272727272,2017,90.225
4801,609738,34,0.1267090909090909,2018,90.85
4807,609738,34,0.1219272727272727,2019,89.075
4819,609738,34,0.1080727272727272,2021,89.475
4825,609738,34,0.1085818181818181,2022,83.525
4850,400136,35,0.0690727272727272,2013,90.66666666666669
4856,400139,35,0.0690727272727272,2013,85.06666666666666
4857,609674,35,0.0690727272727272,2013,83.65
4859,610547,35,0.0690727272727272,2013,89.44999999999999
4866,609712,35,0.0690727272727272,2013,65.7
4867,400150,35,0.0690727272727272,2013,80.43333333333334
4870,400136,35,0.0590363636363636,2014,90.9
4876,400139,35,0.0590363636363636,2014,87.53333333333335
4877,609674,35,0.0590363636363636,2014,86.875
4879,610547,35,0.0590363636363636,2014,90.8
4886,609712,35,0.0590363636363636,2014,68.4
4887,400150,35,0.0590363636363636,2014,75.26666666666667
4890,400136,35,0.0559818181818181,2015,82.43333333333334
4896,400139,35,0.0559818181818181,2015,66.76666666666667
4897,609674,35,0.0559818181818181,2015,86.6
4899,610547,35,0.0559818181818181,2015,88.05
4906,609712,35,0.0559818181818181,2015,74.35
4907,400150,35,0.0559818181818181,2015,79.76666666666667
4910,400136,35,0.0617818181818181,2016,81.96666666666667
4916,400139,35,0.0617818181818181,2016,74.03333333333333
4917,609674,35,0.0617818181818181,2016,87.25
4919,610547,35,0.0617818181818181,2016,90.075
4926,609712,35,0.0617818181818181,2016,77.125
4927,400150,35,0.0617818181818181,2016,77.73333333333333
4930,400136,35,0.060290909090909,2017,66.475
4936,400139,35,0.060290909090909,2017,64.975
4937,609674,35,0.060290909090909,2017,83.7
4939,610547,35,0.060290909090909,2017,89.8
4946,609712,35,0.060290909090909,2017,80.375
4947,400150,35,0.060290909090909,2017,56.275
4950,400136,35,0.0587454545454545,2018,68.375
4956,400139,35,0.0587454545454545,2018,77.275
4957,609674,35,0.0587454545454545,2018,90.425
4959,610547,35,0.0587454545454545,2018,90.525
4966,609712,35,0.0587454545454545,2018,80.25
4967,400150,35,0.0587454545454545,2018,67.45
4970,400136,35,0.0514545454545454,2019,76.3
4976,400139,35,0.0514545454545454,2019,86.56666666666666
4977,609674,35,0.0514545454545454,2019,84.925
4979,610547,35,0.0514545454545454,2019,88.925
4986,609712,35,0.0514545454545454,2019,76.4
4987,400150,35,0.0514545454545454,2019,69.6
5010,400136,35,0.042690909090909,2021,58.86666666666667
5016,400139,35,0.042690909090909,2021,89.93333333333334
5017,609674,35,0.042690909090909,2021,75.85
5018,400181,35,0.042690909090909,2021,79.9
5019,610547,35,0.042690909090909,2021,77.7
5026,609712,35,0.042690909090909,2021,59.025000000000006
5027,400150,35,0.042690909090909,2021,60.66666666666666
5030,400136,35,0.0459090909090909,2022,60.3
5036,400139,35,0.0459090909090909,2022,88.56666666666668
5037,609674,35,0.0459090909090909,2022,78.025
5038,400181,35,0.0459090909090909,2022,83.75
5039,610547,35,0.0459090909090909,2022,78.9
5046,609712,35,0.0459090909090909,2022,69.875
5047,400150,35,0.0459090909090909,2022,52.86666666666667
5051,400098,36,0.0554363636363636,2013,96.85
5052,400133,36,0.0554363636363636,2013,78.16666666666667
5053,400098,36,0.0464181818181818,2014,96.675
5054,400133,36,0.0464181818181818,2014,84.5
5055,400098,36,0.05,2015,96.325
5056,400133,36,0.05,2015,73.60000000000001
5057,400098,36,0.0546727272727272,2016,96.875
5058,400133,36,0.0546727272727272,2016,67.26666666666667
5059,400098,36,0.0490727272727272,2017,95.425
5060,400133,36,0.0490727272727272,2017,39.55
5061,400098,36,0.0486727272727272,2018,95.05
5062,400133,36,0.0486727272727272,2018,49.675
5063,400098,36,0.0516363636363636,2019,94.575
5064,400133,36,0.0516363636363636,2019,52.8
5067,400098,36,0.043890909090909,2021,76.425
5068,400133,36,0.043890909090909,2021,48.03333333333333
5069,400098,36,0.0493636363636363,2022,85.19999999999999
5070,400133,36,0.0493636363636363,2022,56.66666666666666
5090,400094,37,0.1508727272727272,2013,90.025
5095,610323,37,0.1508727272727272,2013,80.9
5104,610573,37,0.1350363636363636,2014,69.85
5105,400094,37,0.1350363636363636,2014,89.6
5110,610323,37,0.1350363636363636,2014,85.925
5113,400157,37,0.1350363636363636,2014,89.3
5119,610573,37,0.1298545454545454,2015,62.5
5120,400094,37,0.1298545454545454,2015,90.325
5125,610323,37,0.1298545454545454,2015,88.42500000000001
5128,400157,37,0.1298545454545454,2015,90.85
5130,400175,37,0.1298545454545454,2015,77.35
5134,610573,37,0.1231454545454545,2016,72.47500000000001
5135,400094,37,0.1231454545454545,2016,91.4
5140,610323,37,0.1231454545454545,2016,87.0
5143,400157,37,0.1231454545454545,2016,90.63333333333333
5149,610573,37,0.1171818181818181,2017,64.525
5150,400094,37,0.1171818181818181,2017,91.05
5155,610323,37,0.1171818181818181,2017,82.225
5158,400157,37,0.1171818181818181,2017,89.125
5160,400175,37,0.1171818181818181,2017,68.55
5164,610573,37,0.1245818181818181,2018,57.025
5165,400094,37,0.1245818181818181,2018,92.925
5170,610323,37,0.1245818181818181,2018,82.4
5173,400157,37,0.1245818181818181,2018,90.325
5175,400175,37,0.1245818181818181,2018,74.85
5179,610573,37,0.1422727272727272,2019,67.8
5180,400094,37,0.1422727272727272,2019,91.65
5185,610323,37,0.1422727272727272,2019,85.6
5188,400157,37,0.1422727272727272,2019,90.175
5190,400175,37,0.1422727272727272,2019,74.575
5210,400094,37,0.1071818181818181,2021,81.1
5215,610323,37,0.1071818181818181,2021,71.975
5218,400157,37,0.1071818181818181,2021,71.32499999999999
5220,400175,37,0.1071818181818181,2021,71.975
5224,610573,37,0.108,2022,80.9
5225,400094,37,0.108,2022,78.775
5230,610323,37,0.108,2022,76.05
5233,400157,37,0.108,2022,77.25
5235,400175,37,0.108,2022,71.65
5245,609737,38,0.0619090909090909,2013,91.575
5247,609744,38,0.0619090909090909,2013,90.85
5250,400034,38,0.0619090909090909,2013,95.825
5254,609737,38,0.0513272727272727,2014,92.075
5256,609744,38,0.0513272727272727,2014,91.45
5259,400034,38,0.0513272727272727,2014,95.775
5263,609737,38,0.0534545454545454,2015,93.2
5265,609744,38,0.0534545454545454,2015,92.975
5268,400034,38,0.0534545454545454,2015,95.35
5272,609737,38,0.0513454545454545,2016,93.25
5274,609744,38,0.0513454545454545,2016,91.8
5277,400034,38,0.0513454545454545,2016,94.325
5281,609737,38,0.0497454545454545,2017,92.625
5283,609744,38,0.0497454545454545,2017,91.65
5286,400034,38,0.0497454545454545,2017,93.25
5290,609737,38,0.0474363636363636,2018,93.125
5292,609744,38,0.0474363636363636,2018,90.975
5295,400034,38,0.0474363636363636,2018,93.975
5299,609737,38,0.0333272727272727,2019,91.5
5301,609744,38,0.0333272727272727,2019,91.5
5304,400034,38,0.0333272727272727,2019,93.975
5317,609737,38,0.0362363636363636,2021,88.375
5319,609744,38,0.0362363636363636,2021,83.25
5322,400034,38,0.0362363636363636,2021,98.35
5326,609737,38,0.0403454545454545,2022,87.375
5328,609744,38,0.0403454545454545,2022,85.3
5331,400034,38,0.0403454545454545,2022,89.175
5345,400141,39,0.0509090909090909,2013,80.2
5348,610394,39,0.0509090909090909,2013,86.475
5352,400141,39,0.0447454545454545,2014,81.76666666666667
5355,610394,39,0.0447454545454545,2014,88.275
5359,400141,39,0.0489636363636363,2015,77.5
5362,610394,39,0.0489636363636363,2015,90.3
5366,400141,39,0.0478545454545454,2016,70.0
5369,610394,39,0.0478545454545454,2016,89.75
5373,400141,39,0.0487090909090909,2017,73.275
5376,610394,39,0.0487090909090909,2017,86.65
5380,400141,39,0.0456545454545454,2018,65.9
5383,610394,39,0.0456545454545454,2018,84.5
5387,400141,39,0.0401636363636363,2019,61.16666666666666
5390,610394,39,0.0401636363636363,2019,85.69999999999999
5401,400141,39,0.0358727272727272,2021,60.66666666666666
5404,610394,39,0.0358727272727272,2021,66.4
5408,400141,39,0.0460181818181818,2022,51.73333333333333
5411,610394,39,0.0460181818181818,2022,75.325
5425,610524,40,0.0564,2013,90.85
5435,610524,40,0.0498727272727272,2014,88.30000000000001
5445,610524,40,0.046090909090909,2015,90.85
5455,610524,40,0.0491454545454545,2016,91.125
5465,610524,40,0.0515090909090909,2017,88.275
5475,610524,40,0.0538181818181818,2018,90.6
5485,610524,40,0.050090909090909,2019,90.725
5505,610524,40,0.0467818181818181,2021,80.275
5515,610524,40,0.0546,2022,83.9
5540,609740,41,0.0637454545454545,2013,80.225
5546,610529,41,0.0637454545454545,2013,89.85
5550,400055,41,0.0637454545454545,2013,94.35
5552,609759,41,0.0637454545454545,2013,81.44999999999999
5556,609740,41,0.0617090909090909,2014,86.25
5562,610529,41,0.0617090909090909,2014,89.525
5566,400055,41,0.0617090909090909,2014,94.35
5568,609759,41,0.0617090909090909,2014,82.325
5572,609740,41,0.0577090909090909,2015,88.775
5578,610529,41,0.0577090909090909,2015,91.925
5582,400055,41,0.0577090909090909,2015,94.2
5584,609759,41,0.0577090909090909,2015,81.625
5588,609740,41,0.0606363636363636,2016,90.625
5594,610529,41,0.0606363636363636,2016,92.8
5598,400055,41,0.0606363636363636,2016,94.075
5600,609759,41,0.0606363636363636,2016,81.925
5604,609740,41,0.0543090909090909,2017,88.625
5610,610529,41,0.0543090909090909,2017,92.775
5614,400055,41,0.0543090909090909,2017,93.075
5616,609759,41,0.0543090909090909,2017,82.25
5620,609740,41,0.0538727272727272,2018,89.7
5626,610529,41,0.0538727272727272,2018,93.325
5630,400055,41,0.0538727272727272,2018,93.0
5632,609759,41,0.0538727272727272,2018,80.65
5636,609740,41,0.0528727272727272,2019,86.325
5642,610529,41,0.0528727272727272,2019,90.275
5646,400055,41,0.0528727272727272,2019,93.125
5648,609759,41,0.0528727272727272,2019,79.44999999999999
5668,609740,41,0.0488181818181818,2021,80.625
5674,610529,41,0.0488181818181818,2021,84.875
5678,400055,41,0.0488181818181818,2021,79.10000000000001
5680,609759,41,0.0488181818181818,2021,69.375
5684,609740,41,0.055,2022,74.95
5690,610529,41,0.055,2022,82.65
5694,400055,41,0.055,2022,81.5
5696,609759,41,0.055,2022,67.65
5714,609753,42,0.2439636363636363,2013,92.95
5718,609725,42,0.2439636363636363,2013,85.875
5726,609753,42,0.2182545454545454,2014,93.675
5730,609725,42,0.2182545454545454,2014,85.35
5738,609753,42,0.2265272727272727,2015,93.45
5742,609725,42,0.2265272727272727,2015,84.875
5750,609753,42,0.2687818181818182,2016,93.325
5754,609725,42,0.2687818181818182,2016,87.675
5762,609753,42,0.3170363636363636,2017,93.825
5766,609725,42,0.3170363636363636,2017,85.075
5774,609753,42,0.3303636363636363,2018,94.225
5778,609725,42,0.3303636363636363,2018,83.075
5786,609753,42,0.3030545454545454,2019,93.275
5790,609725,42,0.3030545454545454,2019,83.775
5810,609753,42,0.1657272727272727,2021,89.9
5814,609725,42,0.1657272727272727,2021,79.9
5822,609753,42,0.2303454545454545,2022,90.25
5826,609725,42,0.2303454545454545,2022,69.625
5857,609761,43,0.0710909090909091,2013,78.60000000000001
5858,609710,43,0.0710909090909091,2013,70.575
5859,609726,43,0.0710909090909091,2013,88.975
5862,609760,43,0.0710909090909091,2013,92.175
5877,609761,43,0.0638363636363636,2014,80.175
5878,609710,43,0.0638363636363636,2014,77.625
5879,609726,43,0.0638363636363636,2014,89.175
5882,609760,43,0.0638363636363636,2014,94.125
5887,400156,43,0.0638363636363636,2014,92.6
5897,609761,43,0.0585636363636363,2015,80.225
5898,609710,43,0.0585636363636363,2015,79.35
5899,609726,43,0.0585636363636363,2015,92.05
5902,609760,43,0.0585636363636363,2015,94.2
5907,400156,43,0.0585636363636363,2015,93.65
5917,609761,43,0.0663636363636363,2016,82.3
5918,609710,43,0.0663636363636363,2016,82.95
5919,609726,43,0.0663636363636363,2016,92.0
5922,609760,43,0.0663636363636363,2016,94.05
5927,400156,43,0.0663636363636363,2016,93.1
5937,609761,43,0.0730545454545454,2017,78.95
5938,609710,43,0.0730545454545454,2017,82.175
5939,609726,43,0.0730545454545454,2017,90.9
5942,609760,43,0.0730545454545454,2017,92.75
5947,400156,43,0.0730545454545454,2017,93.2
5952,400161,43,0.0787454545454545,2018,92.9
5957,609761,43,0.0787454545454545,2018,83.875
5958,609710,43,0.0787454545454545,2018,83.2
5959,609726,43,0.0787454545454545,2018,88.625
5962,609760,43,0.0787454545454545,2018,91.675
5967,400156,43,0.0787454545454545,2018,93.8
5972,400161,43,0.056,2019,89.1
5977,609761,43,0.056,2019,85.4
5978,609710,43,0.056,2019,81.9
5979,609726,43,0.056,2019,89.175
5982,609760,43,0.056,2019,92.425
5987,400156,43,0.056,2019,92.225
6012,400161,43,0.0416545454545454,2021,82.925
6017,609761,43,0.0416545454545454,2021,76.275
6018,609710,43,0.0416545454545454,2021,70.425
6019,609726,43,0.0416545454545454,2021,89.625
6022,609760,43,0.0416545454545454,2021,82.67500000000001
6027,400156,43,0.0416545454545454,2021,70.2
6032,400161,43,0.0485454545454545,2022,76.625
6037,609761,43,0.0485454545454545,2022,75.125
6038,609710,43,0.0485454545454545,2022,70.1
6039,609726,43,0.0485454545454545,2022,85.475
6042,609760,43,0.0485454545454545,2022,86.45
6047,400156,43,0.0485454545454545,2022,78.275
6065,610340,44,0.0906181818181818,2013,92.625
6070,609679,44,0.0906181818181818,2013,88.475
6076,609732,44,0.0906181818181818,2013,87.45
6077,609691,44,0.0906181818181818,2013,88.1
6079,610340,44,0.0737818181818181,2014,93.025
6084,609679,44,0.0737818181818181,2014,87.75
6090,609732,44,0.0737818181818181,2014,88.2
6091,609691,44,0.0737818181818181,2014,88.35
6093,610340,44,0.0734727272727272,2015,91.3
6098,609679,44,0.0734727272727272,2015,88.15
6104,609732,44,0.0734727272727272,2015,88.44999999999999
6105,609691,44,0.0734727272727272,2015,87.575
6107,610340,44,0.0799454545454545,2016,93.05
6112,609679,44,0.0799454545454545,2016,88.85
6118,609732,44,0.0799454545454545,2016,86.125
6119,609691,44,0.0799454545454545,2016,89.25
6121,610340,44,0.0728727272727272,2017,92.3
6126,609679,44,0.0728727272727272,2017,88.4
6132,609732,44,0.0728727272727272,2017,86.55
6133,609691,44,0.0728727272727272,2017,88.5
6135,610340,44,0.0779454545454545,2018,92.925
6140,609679,44,0.0779454545454545,2018,89.0
6146,609732,44,0.0779454545454545,2018,86.8
6147,609691,44,0.0779454545454545,2018,88.125
6149,610340,44,0.0769818181818181,2019,93.45
6154,609679,44,0.0769818181818181,2019,87.7
6160,609732,44,0.0769818181818181,2019,86.45
6161,609691,44,0.0769818181818181,2019,88.425
6177,610340,44,0.058690909090909,2021,94.025
6182,609679,44,0.058690909090909,2021,84.525
6188,609732,44,0.058690909090909,2021,77.3
6189,609691,44,0.058690909090909,2021,80.1
6191,610340,44,0.069490909090909,2022,90.25
6196,609679,44,0.069490909090909,2022,82.725
6202,609732,44,0.069490909090909,2022,72.475
6203,609691,44,0.069490909090909,2022,80.75
6219,400127,45,0.0589272727272727,2013,72.63333333333334
6221,610518,45,0.0589272727272727,2013,79.825
6222,610389,45,0.0589272727272727,2013,73.125
6227,400144,45,0.0589272727272727,2013,77.89999999999999
6231,400127,45,0.0527818181818181,2014,74.56666666666666
6233,610518,45,0.0527818181818181,2014,80.525
6234,610389,45,0.0527818181818181,2014,72.075
6239,400144,45,0.0527818181818181,2014,81.10000000000001
6243,400127,45,0.0513818181818181,2015,74.56666666666666
6245,610518,45,0.0513818181818181,2015,85.025
6246,610389,45,0.0513818181818181,2015,77.25
6251,400144,45,0.0513818181818181,2015,84.73333333333333
6255,400127,45,0.0508363636363636,2016,75.8
6257,610518,45,0.0508363636363636,2016,81.225
6258,610389,45,0.0508363636363636,2016,74.25
6263,400144,45,0.0508363636363636,2016,76.86666666666667
6267,400127,45,0.0509818181818181,2017,74.17500000000001
6269,610518,45,0.0509818181818181,2017,85.55
6270,610389,45,0.0509818181818181,2017,62.15
6275,400144,45,0.0509818181818181,2017,66.375
6278,610282,45,0.0504363636363636,2018,94.4
6279,400127,45,0.0504363636363636,2018,67.63333333333333
6281,610518,45,0.0504363636363636,2018,87.075
6282,610389,45,0.0504363636363636,2018,73.575
6287,400144,45,0.0504363636363636,2018,68.1
6291,400127,45,0.0456545454545454,2019,70.83333333333333
6293,610518,45,0.0456545454545454,2019,79.475
6294,610389,45,0.0456545454545454,2019,72.55
6299,400144,45,0.0456545454545454,2019,66.7
6315,400127,45,0.0399818181818181,2021,85.73333333333333
6317,610518,45,0.0399818181818181,2021,41.35
6318,610389,45,0.0399818181818181,2021,58.95
6323,400144,45,0.0399818181818181,2021,45.16666666666666
6327,400127,45,0.048890909090909,2022,55.8
6329,610518,45,0.048890909090909,2022,65.1
6330,610389,45,0.048890909090909,2022,71.2
6335,400144,45,0.048890909090909,2022,49.53333333333333
6366,400142,46,0.0738363636363636,2013,74.2
6368,610304,46,0.0738363636363636,2013,95.575
6370,609755,46,0.0738363636363636,2013,93.25
6371,609680,46,0.0738363636363636,2013,92.45
6373,400053,46,0.0738363636363636,2013,95.375
6385,400097,46,0.0738363636363636,2013,93.525
6386,400143,46,0.0738363636363636,2013,85.0
6388,400056,46,0.0738363636363636,2013,93.45
6394,609783,46,0.0738363636363636,2013,93.7
6396,400142,46,0.0659090909090909,2014,71.10000000000001
6398,610304,46,0.0659090909090909,2014,95.375
6400,609755,46,0.0659090909090909,2014,94.625
6401,609680,46,0.0659090909090909,2014,93.25
6403,400053,46,0.0659090909090909,2014,94.825
6405,610561,46,0.0659090909090909,2014,94.3
6415,400097,46,0.0659090909090909,2014,93.525
6416,400143,46,0.0659090909090909,2014,83.56666666666666
6418,400056,46,0.0659090909090909,2014,92.75
6419,400113,46,0.0659090909090909,2014,98.13333333333333
6424,609783,46,0.0659090909090909,2014,91.0
6426,400142,46,0.0633818181818181,2015,74.03333333333333
6428,610304,46,0.0633818181818181,2015,95.675
6430,609755,46,0.0633818181818181,2015,94.2
6431,609680,46,0.0633818181818181,2015,92.925
6433,400053,46,0.0633818181818181,2015,95.125
6435,610561,46,0.0633818181818181,2015,93.15
6440,400170,46,0.0633818181818181,2015,92.1
6445,400097,46,0.0633818181818181,2015,93.25
6446,400143,46,0.0633818181818181,2015,76.83333333333333
6448,400056,46,0.0633818181818181,2015,92.225
6449,400113,46,0.0633818181818181,2015,95.4
6454,609783,46,0.0633818181818181,2015,97.525
6458,610304,46,0.0621636363636363,2016,95.325
6460,609755,46,0.0621636363636363,2016,94.825
6461,609680,46,0.0621636363636363,2016,92.7
6463,400053,46,0.0621636363636363,2016,94.275
6465,610561,46,0.0621636363636363,2016,95.0
6470,400170,46,0.0621636363636363,2016,92.6
6475,400097,46,0.0621636363636363,2016,94.3
6476,400143,46,0.0621636363636363,2016,76.43333333333334
6478,400056,46,0.0621636363636363,2016,91.625
6479,400113,46,0.0621636363636363,2016,90.46666666666664
6484,609783,46,0.0621636363636363,2016,98.05
6488,610304,46,0.0635636363636363,2017,95.55
6490,609755,46,0.0635636363636363,2017,94.375
6491,609680,46,0.0635636363636363,2017,92.475
6493,400053,46,0.0635636363636363,2017,93.125
6495,610561,46,0.0635636363636363,2017,90.425
6500,400170,46,0.0635636363636363,2017,93.73333333333332
6505,400097,46,0.0635636363636363,2017,93.475
6506,400143,46,0.0635636363636363,2017,63.05
6508,400056,46,0.0635636363636363,2017,89.175
6509,400113,46,0.0635636363636363,2017,82.025
6514,609783,46,0.0635636363636363,2017,98.05
6518,610304,46,0.0600727272727272,2018,94.675
6520,609755,46,0.0600727272727272,2018,95.225
6521,609680,46,0.0600727272727272,2018,92.525
6523,400053,46,0.0600727272727272,2018,93.325
6525,610561,46,0.0600727272727272,2018,91.95
6530,400170,46,0.0600727272727272,2018,92.75
6535,400097,46,0.0600727272727272,2018,93.5
6536,400143,46,0.0600727272727272,2018,59.3
6538,400056,46,0.0600727272727272,2018,88.89999999999999
6539,400113,46,0.0600727272727272,2018,85.075
6544,609783,46,0.0600727272727272,2018,97.8
6548,610304,46,0.0592727272727272,2019,94.7
6550,609755,46,0.0592727272727272,2019,94.425
6551,609680,46,0.0592727272727272,2019,92.375
6553,400053,46,0.0592727272727272,2019,91.4
6555,610561,46,0.0592727272727272,2019,84.32499999999999
6560,400170,46,0.0592727272727272,2019,93.3
6565,400097,46,0.0592727272727272,2019,92.95
6566,400143,46,0.0592727272727272,2019,62.0
6568,400056,46,0.0592727272727272,2019,90.625
6569,400113,46,0.0592727272727272,2019,83.35
6574,609783,46,0.0592727272727272,2019,98.0
6608,610304,46,0.0547090909090909,2021,84.725
6610,609755,46,0.0547090909090909,2021,93.15
6611,609680,46,0.0547090909090909,2021,91.775
6613,400053,46,0.0547090909090909,2021,62.85
6615,610561,46,0.0547090909090909,2021,73.1
6620,400170,46,0.0547090909090909,2021,74.925
6625,400097,46,0.0547090909090909,2021,77.975
6626,400143,46,0.0547090909090909,2021,69.83333333333333
6628,400056,46,0.0547090909090909,2021,65.825
6629,400113,46,0.0547090909090909,2021,62.625
6634,609783,46,0.0547090909090909,2021,98.425
6638,610304,46,0.0686909090909091,2022,88.55
6640,609755,46,0.0686909090909091,2022,92.375
6641,609680,46,0.0686909090909091,2022,91.7
6643,400053,46,0.0686909090909091,2022,82.425
6645,610561,46,0.0686909090909091,2022,74.325
6650,400170,46,0.0686909090909091,2022,85.2
6655,400097,46,0.0686909090909091,2022,83.55
6656,400143,46,0.0686909090909091,2022,56.1
6658,400056,46,0.0686909090909091,2022,79.25
6664,609783,46,0.0686909090909091,2022,92.075
6691,609739,47,0.0570727272727272,2013,85.125
6705,609739,47,0.0481636363636363,2014,86.3
6719,609739,47,0.0439636363636363,2015,86.7
6733,609739,47,0.0481636363636363,2016,87.0
6747,609739,47,0.0512363636363636,2017,87.8
6749,610193,47,0.0512363636363636,2017,66.7
6761,609739,47,0.0483454545454545,2018,88.875
6775,609739,47,0.0429454545454545,2019,88.375
6803,609739,47,0.0393454545454545,2021,80.2
6817,609739,47,0.0476,2022,81.15
6831,400134,48,0.0498545454545454,2013,87.3
6835,609735,48,0.0498545454545454,2013,75.35
6838,610513,48,0.0498545454545454,2013,89.6
6842,400134,48,0.0435090909090909,2014,90.33333333333331
6846,609735,48,0.0435090909090909,2014,81.475
6849,610513,48,0.0435090909090909,2014,92.225
6853,400134,48,0.0432363636363636,2015,90.1
6857,609735,48,0.0432363636363636,2015,80.89999999999999
6860,610513,48,0.0432363636363636,2015,92.05
6864,400134,48,0.0438363636363636,2016,86.36666666666667
6868,609735,48,0.0438363636363636,2016,80.875
6871,610513,48,0.0438363636363636,2016,91.325
6875,400134,48,0.0465636363636363,2017,76.8
6879,609735,48,0.0465636363636363,2017,80.75
6882,610513,48,0.0465636363636363,2017,89.225
6886,400134,48,0.0512727272727272,2018,85.15
6890,609735,48,0.0512727272727272,2018,81.55
6893,610513,48,0.0512727272727272,2018,91.625
6897,400134,48,0.0472727272727272,2019,82.53333333333335
6901,609735,48,0.0472727272727272,2019,81.65
6904,610513,48,0.0472727272727272,2019,92.15
6919,400134,48,0.0458545454545454,2021,69.0
6923,609735,48,0.0458545454545454,2021,62.025
6926,610513,48,0.0458545454545454,2021,90.15
6930,400134,48,0.0538545454545454,2022,67.56666666666666
6934,609735,48,0.0538545454545454,2022,69.375
6937,610513,48,0.0538545454545454,2022,85.825
6959,400126,49,0.0736727272727272,2013,77.66666666666667
6960,400131,49,0.0736727272727272,2013,79.63333333333334
6961,400022,49,0.0736727272727272,2013,94.45
6974,400126,49,0.0646363636363636,2014,81.73333333333333
6975,400131,49,0.0646363636363636,2014,84.36666666666667
6976,400022,49,0.0646363636363636,2014,94.825
6989,400126,49,0.0610727272727272,2015,60.333333333333336
6990,400131,49,0.0610727272727272,2015,80.39999999999999
6991,400022,49,0.0610727272727272,2015,97.125
6993,609780,49,0.0610727272727272,2015,92.675
7004,400126,49,0.0632363636363636,2016,65.5
7005,400131,49,0.0632363636363636,2016,72.53333333333335
7006,400022,49,0.0632363636363636,2016,96.925
7008,609780,49,0.0632363636363636,2016,93.575
7019,400126,49,0.0708181818181818,2017,62.275
7020,400131,49,0.0708181818181818,2017,69.225
7021,400022,49,0.0708181818181818,2017,98.925
7023,609780,49,0.0708181818181818,2017,92.7
7034,400126,49,0.0668,2018,55.45
7035,400131,49,0.0668,2018,61.5
7036,400022,49,0.0668,2018,96.025
7038,609780,49,0.0668,2018,93.1
7049,400126,49,0.0730727272727272,2019,60.8
7050,400131,49,0.0730727272727272,2019,63.56666666666666
7051,400022,49,0.0730727272727272,2019,97.375
7053,609780,49,0.0730727272727272,2019,93.4
7077,610594,49,0.0608545454545454,2021,63.325
7079,400126,49,0.0608545454545454,2021,62.36666666666667
7080,400131,49,0.0608545454545454,2021,72.13333333333334
7081,400022,49,0.0608545454545454,2021,94.2
7083,609780,49,0.0608545454545454,2021,86.675
7092,610594,49,0.0726909090909091,2022,49.475
7094,400126,49,0.0726909090909091,2022,45.8
7095,400131,49,0.0726909090909091,2022,55.3
7096,400022,49,0.0726909090909091,2022,95.175
7098,609780,49,0.0726909090909091,2022,84.025
7116,609729,50,0.0574181818181818,2013,81.775
7125,609729,50,0.0509090909090909,2014,85.175
7132,610564,50,0.0509090909090909,2014,92.3
7134,609729,50,0.046690909090909,2015,86.5
7141,610564,50,0.046690909090909,2015,90.8
7143,609729,50,0.049090909090909,2016,85.15
7150,610564,50,0.049090909090909,2016,89.60000000000001
7152,609729,50,0.0538363636363636,2017,82.25
7159,610564,50,0.0538363636363636,2017,86.67500000000001
7161,609729,50,0.0511636363636363,2018,85.15
7168,610564,50,0.0511636363636363,2018,88.15
7170,609729,50,0.0479454545454545,2019,85.875
7177,610564,50,0.0479454545454545,2019,88.125
7188,609729,50,0.0416545454545454,2021,77.225
7195,610564,50,0.0416545454545454,2021,86.875
7197,609729,50,0.0552545454545454,2022,72.425
7204,610564,50,0.0552545454545454,2022,82.55
