,School ID,Year,Network,Attendance
0,400010,2013,Public,91.05
1,400010,2014,Public,89.80000000000001
2,400010,2015,Public,88.425
3,400010,2016,Public,87.65
4,400010,2017,Public,85.45
5,400010,2018,Public,90.95
9,400012,2013,Public,93.0
10,400012,2014,Public,90.65
11,400012,2015,Public,88.7
12,400012,2016,Public,84.625
18,400013,2013,Charter,96.05
19,400013,2014,Charter,91.725
20,400013,2015,Charter,87.525
21,400013,2016,Charter,90.775
22,400013,2017,Charter,89.9
23,400013,2018,Charter,89.15
24,400013,2019,Charter,91.7
25,400013,2021,Charter,85.475
26,400013,2022,Charter,84.75
27,400015,2013,Public,85.575
28,400015,2014,Public,86.35
29,400015,2015,Public,84.1
36,400018,2013,Public,78.7
37,400018,2014,Public,85.025
38,400018,2015,Public,87.1
39,400018,2016,Public,82.35
45,400022,2013,Contract,94.45
46,400022,2014,Contract,94.825
47,400022,2015,Contract,97.125
48,400022,2016,Contract,96.925
49,400022,2017,Contract,98.925
50,400022,2018,Contract,96.025
51,400022,2019,Contract,97.375
52,400022,2021,Contract,94.2
53,400022,2022,Contract,95.175
58,400029,2017,Charter,76.9
63,400032,2013,Charter,94.575
64,400032,2014,Charter,95.85
65,400032,2015,Charter,95.625
66,400032,2016,Charter,91.0
67,400032,2017,Charter,89.0
68,400032,2018,Charter,89.0
69,400032,2019,Charter,88.175
70,400032,2021,Charter,78.7
71,400032,2022,Charter,81.85
72,400033,2013,Charter,85.8
73,400033,2014,Charter,90.35
74,400033,2015,Charter,91.275
75,400033,2016,Charter,90.25
76,400033,2017,Charter,87.95
77,400033,2018,Charter,88.975
78,400033,2019,Charter,87.7
79,400033,2021,Charter,81.2
80,400033,2022,Charter,77.6
81,400034,2013,Charter,95.825
82,400034,2014,Charter,95.775
83,400034,2015,Charter,95.35
84,400034,2016,Charter,94.325
85,400034,2017,Charter,93.25
86,400034,2018,Charter,93.975
87,400034,2019,Charter,93.975
88,400034,2021,Charter,98.35
89,400034,2022,Charter,89.175
90,400035,2013,Charter,94.375
91,400035,2014,Charter,95.95
92,400035,2015,Charter,96.425
93,400035,2016,Charter,95.95
94,400035,2017,Charter,94.9
95,400035,2018,Charter,95.575
96,400035,2019,Charter,94.8
97,400035,2021,Charter,96.75
98,400035,2022,Charter,92.175
99,400036,2013,Public,93.65
100,400036,2014,Public,94.375
101,400036,2015,Public,91.775
102,400036,2016,Public,94.925
103,400036,2017,Public,64.375
104,400036,2018,Public,87.95
105,400036,2019,Public,79.975
108,400038,2013,Public,79.75
109,400038,2014,Public,85.73333333333333
110,400038,2015,Public,87.26666666666667
117,400042,2013,Public,89.46666666666665
118,400042,2014,Public,92.75
119,400042,2015,Public,98.6
126,400051,2013,Charter,95.4
127,400051,2014,Charter,95.375
128,400051,2015,Charter,94.6
129,400051,2016,Charter,94.45
130,400051,2017,Charter,94.125
131,400051,2018,Charter,94.175
132,400051,2019,Charter,94.725
133,400051,2021,Charter,67.425
134,400051,2022,Charter,86.775
135,400052,2013,Charter,94.175
136,400052,2014,Charter,93.95
137,400052,2015,Charter,92.8
138,400052,2016,Charter,93.2
139,400052,2017,Charter,93.175
140,400052,2018,Charter,92.0
141,400052,2019,Charter,92.825
142,400052,2021,Charter,81.8
143,400052,2022,Charter,81.825
144,400053,2013,Charter,95.375
145,400053,2014,Charter,94.82499999999999
146,400053,2015,Charter,95.125
147,400053,2016,Charter,94.275
148,400053,2017,Charter,93.125
149,400053,2018,Charter,93.325
150,400053,2019,Charter,91.4
151,400053,2021,Charter,62.85
152,400053,2022,Charter,82.425
153,400054,2013,Charter,94.975
154,400054,2014,Charter,95.65
155,400054,2015,Charter,95.725
156,400054,2016,Charter,95.15
157,400054,2017,Charter,94.85
158,400054,2018,Charter,94.575
159,400054,2019,Charter,94.725
160,400054,2021,Charter,85.075
161,400054,2022,Charter,88.5
162,400055,2013,Charter,94.35
163,400055,2014,Charter,94.35000000000001
164,400055,2015,Charter,94.2
165,400055,2016,Charter,94.075
166,400055,2017,Charter,93.075
167,400055,2018,Charter,93.0
168,400055,2019,Charter,93.125
169,400055,2021,Charter,79.10000000000001
170,400055,2022,Charter,81.5
171,400056,2013,Charter,93.45
172,400056,2014,Charter,92.75
173,400056,2015,Charter,92.225
174,400056,2016,Charter,91.625
175,400056,2017,Charter,89.175
176,400056,2018,Charter,88.89999999999999
177,400056,2019,Charter,90.625
178,400056,2021,Charter,65.825
179,400056,2022,Charter,79.25
180,400057,2013,Charter,95.75
181,400057,2014,Charter,94.95
182,400057,2015,Charter,95.575
183,400057,2016,Charter,94.9
184,400057,2017,Charter,94.15
185,400057,2018,Charter,92.7
186,400057,2019,Charter,93.375
187,400057,2021,Charter,84.225
188,400057,2022,Charter,82.125
189,400058,2013,Charter,97.4
190,400058,2014,Charter,92.65
191,400058,2015,Charter,97.0
192,400058,2016,Charter,95.95
193,400058,2017,Charter,93.19999999999999
194,400058,2018,Charter,95.89999999999999
195,400058,2019,Charter,92.4
196,400058,2021,Charter,79.525
197,400058,2022,Charter,78.5
198,400059,2013,Charter,93.75
199,400059,2014,Charter,90.975
200,400059,2015,Charter,91.075
201,400059,2016,Charter,91.575
202,400059,2017,Charter,90.19999999999999
203,400059,2018,Charter,92.05
204,400059,2019,Charter,96.325
205,400059,2021,Charter,77.85
206,400059,2022,Charter,71.775
207,400061,2013,Charter,97.075
208,400061,2014,Charter,93.95
209,400061,2015,Charter,94.35
210,400061,2016,Charter,91.9
211,400061,2017,Charter,90.475
212,400061,2018,Charter,90.8
213,400061,2019,Charter,92.175
214,400061,2021,Charter,82.05
215,400061,2022,Charter,80.94999999999999
216,400062,2013,Charter,99.0
217,400062,2014,Charter,93.45
218,400062,2015,Charter,94.45
219,400062,2016,Charter,92.125
220,400062,2017,Charter,91.45
221,400062,2018,Charter,90.775
222,400062,2019,Charter,91.475
223,400062,2021,Charter,79.35
224,400062,2022,Charter,79.825
225,400064,2013,Charter,98.4
226,400064,2014,Charter,96.825
227,400064,2015,Charter,95.55
228,400064,2016,Charter,94.325
229,400064,2017,Charter,92.42500000000001
230,400064,2018,Charter,92.75
231,400064,2019,Charter,93.65
232,400064,2021,Charter,78.325
233,400064,2022,Charter,80.07499999999999
234,400066,2013,Charter,97.35
235,400066,2014,Charter,92.925
236,400066,2015,Charter,92.225
237,400066,2016,Charter,92.2
238,400066,2017,Charter,89.25
239,400066,2018,Charter,89.9
240,400066,2019,Charter,89.2
241,400066,2021,Charter,70.5
242,400066,2022,Charter,76.7
243,400070,2013,Public,55.775
244,400070,2014,Public,78.95
245,400070,2015,Public,74.825
252,400073,2013,Public,99.325
253,400073,2014,Public,91.73333333333333
254,400073,2015,Public,94.94999999999999
255,400073,2016,Public,86.3
261,400077,2013,Charter,96.025
262,400077,2014,Charter,95.8
263,400077,2015,Charter,95.55000000000001
264,400077,2016,Charter,92.92500000000001
265,400077,2017,Charter,92.85
266,400077,2018,Charter,93.375
267,400077,2019,Charter,92.55
268,400077,2021,Charter,85.625
269,400077,2022,Charter,82.975
270,400085,2013,Charter,97.075
271,400085,2014,Charter,95.025
272,400085,2015,Charter,93.4
273,400085,2016,Charter,93.4
274,400085,2017,Charter,94.6
275,400085,2018,Charter,93.25
276,400085,2019,Charter,90.55
277,400085,2021,Charter,81.85
278,400085,2022,Charter,81.0
279,400086,2013,Charter,94.475
280,400086,2014,Charter,94.2
281,400086,2015,Charter,94.5
282,400086,2016,Charter,92.25
283,400086,2017,Charter,91.375
284,400086,2018,Charter,90.425
285,400086,2019,Charter,93.625
286,400086,2021,Charter,79.95
287,400086,2022,Charter,89.9
288,400087,2013,Public,92.95
289,400087,2014,Public,94.5
290,400087,2015,Public,93.25
291,400087,2016,Public,86.6
292,400087,2017,Public,92.025
293,400087,2018,Public,98.07499999999999
294,400087,2019,Public,90.025
297,400091,2013,Contract,85.425
298,400091,2014,Contract,88.25
299,400091,2015,Contract,87.85
300,400091,2016,Contract,88.4
301,400091,2017,Contract,87.5
302,400091,2018,Contract,90.125
303,400091,2019,Contract,89.775
304,400091,2021,Contract,81.67500000000001
305,400091,2022,Contract,83.425
306,400093,2013,Public,88.35
307,400093,2014,Public,89.03333333333335
315,400094,2013,Charter,90.025
316,400094,2014,Charter,89.6
317,400094,2015,Charter,90.325
318,400094,2016,Charter,91.4
319,400094,2017,Charter,91.05
320,400094,2018,Charter,92.925
321,400094,2019,Charter,91.65
322,400094,2021,Charter,81.1
323,400094,2022,Charter,78.775
324,400097,2013,Charter,93.525
325,400097,2014,Charter,93.525
326,400097,2015,Charter,93.25
327,400097,2016,Charter,94.3
328,400097,2017,Charter,93.475
329,400097,2018,Charter,93.5
330,400097,2019,Charter,92.95
331,400097,2021,Charter,77.975
332,400097,2022,Charter,83.55
333,400098,2013,Charter,96.85
334,400098,2014,Charter,96.675
335,400098,2015,Charter,96.325
336,400098,2016,Charter,96.875
337,400098,2017,Charter,95.425
338,400098,2018,Charter,95.05
339,400098,2019,Charter,94.575
340,400098,2021,Charter,76.425
341,400098,2022,Charter,85.19999999999999
342,400102,2013,Public,91.65
343,400102,2014,Public,91.95
344,400102,2015,Public,95.825
345,400102,2016,Public,92.05
346,400102,2017,Public,94.0
347,400102,2018,Public,91.825
348,400102,2019,Public,91.375
351,400104,2013,Charter,87.66666666666667
352,400104,2014,Charter,92.425
353,400104,2015,Charter,90.675
354,400104,2016,Charter,89.7
355,400104,2017,Charter,89.625
356,400104,2018,Charter,87.575
357,400104,2019,Charter,87.55
358,400104,2021,Charter,97.0
359,400104,2022,Charter,79.8
360,400105,2013,Charter,96.33333333333333
361,400105,2014,Charter,92.925
362,400105,2015,Charter,90.475
363,400105,2016,Charter,91.175
364,400105,2017,Charter,91.875
365,400105,2018,Charter,92.075
366,400105,2019,Charter,93.4
367,400105,2021,Charter,90.625
368,400105,2022,Charter,91.85
369,400106,2013,Charter,91.66666666666667
370,400106,2014,Charter,93.625
371,400106,2015,Charter,92.47500000000001
372,400106,2016,Charter,91.225
373,400106,2017,Charter,88.15
374,400106,2018,Charter,86.675
375,400106,2019,Charter,88.35
376,400106,2021,Charter,63.15
377,400106,2022,Charter,76.5
378,400108,2013,Public,80.575
379,400108,2014,Public,84.775
380,400108,2015,Public,91.875
381,400108,2016,Public,89.625
387,400109,2013,Public,84.86666666666667
388,400109,2014,Public,49.675
389,400109,2015,Public,75.85
397,400113,2014,Public,98.13333333333333
398,400113,2015,Public,95.4
399,400113,2016,Public,90.46666666666665
400,400113,2017,Public,82.025
401,400113,2018,Public,85.075
402,400113,2019,Public,83.35
403,400113,2021,Public,62.625
405,400115,2013,Charter,95.2
406,400115,2014,Charter,95.35
407,400115,2015,Charter,95.025
408,400115,2016,Charter,95.475
409,400115,2017,Charter,94.375
410,400115,2018,Charter,95.25
411,400115,2019,Charter,94.625
412,400115,2021,Charter,95.575
413,400115,2022,Charter,85.75
414,400117,2013,Charter,92.1
415,400117,2014,Charter,91.55
416,400117,2015,Charter,92.23333333333333
417,400117,2016,Charter,91.85
418,400117,2017,Charter,90.35
419,400117,2018,Charter,91.275
420,400117,2019,Charter,92.8
421,400117,2021,Charter,74.225
422,400117,2022,Charter,83.575
423,400118,2013,Charter,91.3
424,400118,2014,Charter,90.85
425,400118,2015,Charter,91.2
426,400118,2016,Charter,90.725
427,400118,2017,Charter,88.875
428,400118,2018,Charter,87.3
429,400118,2019,Charter,87.375
430,400118,2021,Charter,50.125
431,400118,2022,Charter,71.65
432,400119,2013,Charter,87.3
433,400119,2014,Charter,85.95
434,400119,2015,Charter,87.66666666666667
435,400119,2016,Charter,86.75
436,400119,2017,Charter,89.375
437,400119,2018,Charter,86.725
438,400119,2019,Charter,85.575
439,400119,2021,Charter,75.45
440,400119,2022,Charter,79.9
442,400121,2014,Charter,93.0
443,400121,2015,Charter,94.7
444,400121,2016,Charter,94.36666666666667
445,400121,2017,Charter,93.625
446,400121,2018,Charter,93.825
447,400121,2019,Charter,92.0
448,400121,2021,Charter,85.9
449,400121,2022,Charter,82.375
450,400123,2013,Options,63.875
451,400123,2014,Options,80.13333333333333
452,400123,2015,Options,71.03333333333335
453,400123,2016,Options,70.8
454,400123,2017,Options,54.5
455,400123,2018,Options,49.875
456,400123,2019,Options,64.06666666666666
457,400123,2021,Options,62.300000000000004
458,400123,2022,Options,49.0
459,400124,2013,Options,75.86666666666666
460,400124,2014,Options,79.06666666666666
461,400124,2015,Options,79.26666666666667
462,400124,2016,Options,73.0
463,400124,2017,Options,61.025000000000006
464,400124,2018,Options,59.35
465,400124,2019,Options,65.26666666666667
466,400124,2021,Options,71.3
467,400124,2022,Options,68.5
468,400125,2013,Options,77.03333333333333
469,400125,2014,Options,74.5
470,400125,2015,Options,66.63333333333334
471,400125,2016,Options,57.93333333333334
472,400125,2017,Options,55.75
473,400125,2018,Options,54.825
474,400125,2019,Options,65.23333333333333
475,400125,2021,Options,70.73333333333333
476,400125,2022,Options,66.86666666666666
477,400126,2013,Options,77.66666666666667
478,400126,2014,Options,81.73333333333333
479,400126,2015,Options,60.333333333333336
480,400126,2016,Options,65.5
481,400126,2017,Options,62.275
482,400126,2018,Options,55.45
483,400126,2019,Options,60.800000000000004
484,400126,2021,Options,62.36666666666667
485,400126,2022,Options,45.800000000000004
486,400127,2013,Options,72.63333333333334
487,400127,2014,Options,74.56666666666666
488,400127,2015,Options,74.56666666666666
489,400127,2016,Options,75.8
490,400127,2017,Options,74.17500000000001
491,400127,2018,Options,67.63333333333333
492,400127,2019,Options,70.83333333333333
493,400127,2021,Options,85.73333333333333
494,400127,2022,Options,55.800000000000004
495,400128,2013,Options,82.60000000000001
496,400128,2014,Options,69.4
497,400128,2015,Options,62.5
498,400128,2016,Options,60.53333333333333
499,400128,2017,Options,59.55
500,400128,2018,Options,56.925
501,400128,2019,Options,51.699999999999996
502,400128,2021,Options,51.06666666666666
503,400128,2022,Options,50.63333333333333
504,400129,2013,Options,79.63333333333334
505,400129,2014,Options,74.56666666666666
506,400129,2015,Options,75.53333333333333
507,400129,2016,Options,62.4
508,400129,2017,Options,54.925
509,400129,2018,Options,59.0
510,400129,2019,Options,60.53333333333333
511,400129,2021,Options,72.46666666666667
512,400129,2022,Options,63.5
513,400130,2013,Options,65.26666666666667
514,400130,2014,Options,70.8
515,400130,2015,Options,67.46666666666667
516,400130,2016,Options,63.1
517,400130,2017,Options,57.05
518,400130,2018,Options,67.175
519,400130,2019,Options,62.76666666666667
520,400130,2021,Options,58.300000000000004
521,400130,2022,Options,52.43333333333334
522,400131,2013,Options,79.63333333333334
523,400131,2014,Options,84.36666666666667
524,400131,2015,Options,80.39999999999999
525,400131,2016,Options,72.53333333333335
526,400131,2017,Options,69.225
527,400131,2018,Options,61.5
528,400131,2019,Options,63.56666666666666
529,400131,2021,Options,72.13333333333334
530,400131,2022,Options,55.300000000000004
531,400132,2013,Public,59.666666666666664
540,400133,2013,Options,78.16666666666667
541,400133,2014,Options,84.5
542,400133,2015,Options,73.60000000000001
543,400133,2016,Options,67.26666666666667
544,400133,2017,Options,39.55
545,400133,2018,Options,49.675
546,400133,2019,Options,52.800000000000004
547,400133,2021,Options,48.03333333333333
548,400133,2022,Options,56.666666666666664
549,400134,2013,Options,87.3
550,400134,2014,Options,90.33333333333333
551,400134,2015,Options,90.10000000000001
552,400134,2016,Options,86.36666666666667
553,400134,2017,Options,76.8
554,400134,2018,Options,85.15
555,400134,2019,Options,82.53333333333335
556,400134,2021,Options,69.0
557,400134,2022,Options,67.56666666666666
558,400135,2013,Options,74.975
559,400135,2014,Options,78.73333333333333
560,400135,2015,Options,78.06666666666666
561,400135,2016,Options,69.53333333333333
562,400135,2017,Options,57.974999999999994
563,400135,2018,Options,65.425
564,400135,2019,Options,67.56666666666666
565,400135,2021,Options,56.03333333333333
566,400135,2022,Options,63.46666666666667
567,400136,2013,Options,90.66666666666667
568,400136,2014,Options,90.89999999999999
569,400136,2015,Options,82.43333333333334
570,400136,2016,Options,81.96666666666667
571,400136,2017,Options,66.475
572,400136,2018,Options,68.375
573,400136,2019,Options,76.3
574,400136,2021,Options,58.86666666666667
575,400136,2022,Options,60.300000000000004
576,400137,2013,Options,78.0
577,400137,2014,Options,69.225
578,400137,2015,Options,81.5
579,400137,2016,Options,67.025
580,400137,2017,Options,77.0
581,400137,2018,Options,80.3
582,400137,2019,Options,77.275
583,400137,2021,Options,91.4
584,400137,2022,Options,74.4
585,400139,2013,Options,85.06666666666666
586,400139,2014,Options,87.53333333333335
587,400139,2015,Options,66.76666666666667
588,400139,2016,Options,74.03333333333333
589,400139,2017,Options,64.975
590,400139,2018,Options,77.275
591,400139,2019,Options,86.56666666666666
592,400139,2021,Options,89.93333333333334
593,400139,2022,Options,88.56666666666668
594,400141,2013,Options,80.2
595,400141,2014,Options,81.76666666666667
596,400141,2015,Options,77.5
597,400141,2016,Options,70.0
598,400141,2017,Options,73.275
599,400141,2018,Options,65.9
600,400141,2019,Options,61.166666666666664
601,400141,2021,Options,60.666666666666664
602,400141,2022,Options,51.73333333333333
603,400142,2013,Public,74.2
604,400142,2014,Public,71.10000000000001
605,400142,2015,Public,74.03333333333333
611,400143,2013,Options,85.0
612,400143,2014,Options,83.56666666666666
613,400143,2015,Options,76.83333333333333
614,400143,2016,Options,76.43333333333334
615,400143,2017,Options,63.05
616,400143,2018,Options,59.3
617,400143,2019,Options,62.0
618,400143,2021,Options,69.83333333333333
619,400143,2022,Options,56.1
620,400144,2013,Options,77.89999999999999
621,400144,2014,Options,81.10000000000001
622,400144,2015,Options,84.73333333333333
623,400144,2016,Options,76.86666666666667
624,400144,2017,Options,66.375
625,400144,2018,Options,68.1
626,400144,2019,Options,66.7
627,400144,2021,Options,45.166666666666664
628,400144,2022,Options,49.53333333333333
629,400145,2013,Options,72.66666666666667
630,400145,2014,Options,59.875
631,400145,2015,Options,66.3
632,400145,2016,Options,64.0
633,400145,2017,Options,62.875
634,400145,2018,Options,62.45
635,400145,2019,Options,56.9
636,400145,2021,Options,35.06666666666667
637,400145,2022,Options,58.96666666666667
638,400147,2013,Options,66.725
639,400147,2014,Options,77.275
640,400147,2015,Options,63.25
641,400147,2016,Options,82.75
642,400147,2017,Options,74.3
643,400147,2018,Options,82.175
644,400147,2019,Options,77.15
645,400147,2021,Options,65.075
646,400147,2022,Options,71.325
647,400148,2013,Public,83.53333333333333
648,400148,2014,Public,75.76666666666667
649,400148,2015,Public,65.275
650,400148,2016,Public,74.125
651,400148,2017,Public,61.525
657,400149,2014,Charter,95.6
658,400149,2015,Charter,95.7
659,400149,2016,Charter,94.23333333333333
660,400149,2017,Charter,90.05
661,400149,2018,Charter,87.525
662,400149,2019,Charter,87.975
663,400149,2021,Charter,86.025
664,400149,2022,Charter,82.375
665,400150,2013,Options,80.43333333333334
666,400150,2014,Options,75.26666666666667
667,400150,2015,Options,79.76666666666667
668,400150,2016,Options,77.73333333333333
669,400150,2017,Options,56.275
670,400150,2018,Options,67.45
671,400150,2019,Options,69.6
672,400150,2021,Options,60.666666666666664
673,400150,2022,Options,52.86666666666667
675,400156,2014,Charter,92.6
676,400156,2015,Charter,93.65
677,400156,2016,Charter,93.10000000000001
678,400156,2017,Charter,93.2
679,400156,2018,Charter,93.8
680,400156,2019,Charter,92.225
681,400156,2021,Charter,70.2
682,400156,2022,Charter,78.275
684,400157,2014,Charter,89.3
685,400157,2015,Charter,90.85
686,400157,2016,Charter,90.63333333333333
687,400157,2017,Charter,89.125
688,400157,2018,Charter,90.325
689,400157,2019,Charter,90.175
690,400157,2021,Charter,71.32499999999999
691,400157,2022,Charter,77.25
697,400161,2018,Charter,92.9
698,400161,2019,Charter,89.1
699,400161,2021,Charter,82.925
700,400161,2022,Charter,76.625
702,400162,2014,Charter,91.8
703,400162,2015,Charter,93.6
704,400162,2016,Charter,93.33333333333333
705,400162,2017,Charter,93.425
706,400162,2018,Charter,93.3
707,400162,2019,Charter,93.55
708,400162,2021,Charter,92.375
709,400162,2022,Charter,88.55000000000001
711,400164,2014,Options,78.5
712,400164,2015,Options,78.23333333333333
713,400164,2016,Options,70.63333333333334
714,400164,2017,Options,59.0
715,400164,2018,Options,69.175
716,400164,2019,Options,64.8
717,400164,2021,Options,55.725
718,400164,2022,Options,44.55
722,400167,2016,Charter,98.4
723,400167,2017,Charter,92.5
724,400167,2018,Charter,94.06666666666666
725,400167,2019,Charter,93.925
726,400167,2021,Charter,94.6
727,400167,2022,Charter,92.5
730,400169,2015,Charter,93.5
731,400169,2016,Charter,93.6
732,400169,2017,Charter,92.46666666666665
733,400169,2018,Charter,93.44999999999999
734,400169,2019,Charter,94.2
735,400169,2021,Charter,78.85
736,400169,2022,Charter,86.4
739,400170,2015,Charter,92.1
740,400170,2016,Charter,92.6
741,400170,2017,Charter,93.73333333333333
742,400170,2018,Charter,92.75
743,400170,2019,Charter,93.3
744,400170,2021,Charter,74.925
745,400170,2022,Charter,85.2
750,400171,2017,Public,92.8
751,400171,2018,Public,90.15
752,400171,2019,Public,88.16666666666667
758,400172,2016,Charter,91.9
759,400172,2017,Charter,90.8
760,400172,2018,Charter,88.76666666666667
761,400172,2019,Charter,86.875
762,400172,2021,Charter,78.9
763,400172,2022,Charter,80.15
766,400173,2015,Options,87.475
767,400173,2016,Options,45.35
768,400173,2017,Options,43.575
769,400173,2018,Options,68.75
770,400173,2019,Options,75.8
771,400173,2021,Options,73.47500000000001
772,400173,2022,Options,57.275
775,400175,2015,Options,77.35
777,400175,2017,Options,68.55
778,400175,2018,Options,74.85
779,400175,2019,Options,74.575
780,400175,2021,Options,71.975
781,400175,2022,Options,71.65
784,400176,2015,Options,61.25
785,400176,2016,Options,68.55
786,400176,2017,Options,70.2
787,400176,2018,Options,73.65
788,400176,2019,Options,74.225
789,400176,2021,Options,56.366666666666674
790,400176,2022,Options,73.5
795,400179,2017,Charter,91.7
796,400179,2018,Charter,95.25
797,400179,2019,Charter,94.89999999999999
798,400179,2021,Charter,81.475
799,400179,2022,Charter,86.425
807,400181,2021,Charter,79.9
808,400181,2022,Charter,83.75
809,609674,2013,Network 17,83.65
810,609674,2014,Network 17,86.875
811,609674,2015,Network 17,86.6
812,609674,2016,Network 17,87.25
813,609674,2017,Network 17,83.7
814,609674,2018,Network 17,90.425
815,609674,2019,Network 17,84.925
816,609674,2021,Network 17,75.85
817,609674,2022,Network 17,78.025
818,609675,2013,Public,80.8
827,609676,2013,Network 17,82.125
828,609676,2014,Network 17,89.25
829,609676,2015,Network 17,80.8
830,609676,2016,Network 17,85.375
831,609676,2017,Network 17,84.5
832,609676,2018,Network 17,85.125
833,609676,2019,Network 17,85.025
834,609676,2021,Network 17,65.75
835,609676,2022,Network 17,71.775
836,609678,2013,ISP,93.625
837,609678,2014,ISP,93.325
838,609678,2015,ISP,92.875
839,609678,2016,ISP,92.725
840,609678,2017,ISP,92.4
841,609678,2018,ISP,93.15
842,609678,2019,ISP,91.25
843,609678,2021,ISP,91.45
844,609678,2022,ISP,88.825
845,609679,2013,Network 15,88.475
846,609679,2014,Network 15,87.75
847,609679,2015,Network 15,88.15
848,609679,2016,Network 15,88.85
849,609679,2017,Network 15,88.4
850,609679,2018,Network 15,89.0
851,609679,2019,Network 15,87.7
852,609679,2021,Network 15,84.525
853,609679,2022,Network 15,82.725
854,609680,2013,Network 15,92.45
855,609680,2014,Network 15,93.25
856,609680,2015,Network 15,92.925
857,609680,2016,Network 15,92.7
858,609680,2017,Network 15,92.475
859,609680,2018,Network 15,92.52499999999999
860,609680,2019,Network 15,92.375
861,609680,2021,Network 15,91.775
862,609680,2022,Network 15,91.7
863,609682,2013,Network 16,79.65
864,609682,2014,Network 16,84.025
865,609682,2015,Network 16,84.425
866,609682,2016,Network 16,77.6
867,609682,2017,Network 16,76.675
868,609682,2018,Network 16,77.6
869,609682,2019,Network 16,78.575
870,609682,2021,Network 16,66.925
871,609682,2022,Network 16,74.7
881,609691,2013,Network 15,88.1
882,609691,2014,Network 15,88.35
883,609691,2015,Network 15,87.575
884,609691,2016,Network 15,89.25
885,609691,2017,Network 15,88.5
886,609691,2018,Network 15,88.125
887,609691,2019,Network 15,88.425
888,609691,2021,Network 15,80.1
889,609691,2022,Network 15,80.75
890,609692,2013,Network 17,83.45
891,609692,2014,Network 17,86.975
892,609692,2015,Network 17,89.975
893,609692,2016,Network 17,90.625
894,609692,2017,Network 17,89.35
895,609692,2018,Network 17,88.75
896,609692,2019,Network 17,85.575
897,609692,2021,Network 17,82.825
898,609692,2022,Network 17,76.975
899,609693,2013,Network 15,92.225
900,609693,2014,Network 15,92.75
901,609693,2015,Network 15,91.675
902,609693,2016,Network 15,92.6
903,609693,2017,Network 15,91.825
904,609693,2018,Network 15,91.82499999999999
905,609693,2019,Network 15,91.525
906,609693,2021,Network 15,83.575
907,609693,2022,Network 15,86.5
908,609694,2013,Network 15,88.375
909,609694,2014,Network 15,88.425
910,609694,2015,Network 15,90.25
911,609694,2016,Network 15,90.675
912,609694,2017,Network 15,92.425
913,609694,2018,Network 15,91.775
914,609694,2019,Network 15,91.275
915,609694,2021,Network 15,93.575
916,609694,2022,Network 15,91.525
917,609695,2013,ISP,88.6
918,609695,2014,ISP,90.3
919,609695,2015,ISP,90.375
920,609695,2016,ISP,91.55
921,609695,2017,ISP,91.05
922,609695,2018,ISP,91.2
923,609695,2019,ISP,90.725
924,609695,2021,ISP,83.875
925,609695,2022,ISP,84.875
926,609698,2013,Network 16,83.95
927,609698,2014,Network 16,87.6
928,609698,2015,Network 16,88.275
929,609698,2016,Network 16,89.25
930,609698,2017,Network 16,87.425
931,609698,2018,Network 16,87.65
932,609698,2019,Network 16,85.975
933,609698,2021,Network 16,71.9
934,609698,2022,Network 16,76.85
935,609702,2013,Public,75.16666666666667
936,609702,2014,Public,87.15
937,609702,2015,Public,85.2
944,609704,2013,Network 16,83.925
945,609704,2014,Network 16,87.775
946,609704,2015,Network 16,87.725
947,609704,2016,Network 16,87.5
948,609704,2017,Network 16,85.85
949,609704,2018,Network 16,86.45
950,609704,2019,Network 16,86.725
951,609704,2021,Network 16,70.42500000000001
952,609704,2022,Network 16,70.25
953,609705,2013,Network 17,80.125
954,609705,2014,Network 17,79.975
955,609705,2015,Network 17,83.625
956,609705,2016,Network 17,86.425
957,609705,2017,Network 17,86.325
958,609705,2018,Network 17,86.975
959,609705,2019,Network 17,87.8
960,609705,2021,Network 17,61.725
961,609705,2022,Network 17,71.4
962,609706,2013,Public,67.3
971,609707,2013,Public,75.875
972,609707,2014,Public,81.1
973,609707,2015,Public,80.25
974,609707,2016,Public,76.725
975,609707,2017,Public,82.775
976,609707,2018,Public,83.55
980,609708,2013,Network 14,85.225
981,609708,2014,Network 14,87.1
982,609708,2015,Network 14,88.55
983,609708,2016,Network 14,88.95
984,609708,2017,Network 14,85.1
985,609708,2018,Network 14,86.525
986,609708,2019,Network 14,83.375
987,609708,2021,Network 14,72.975
988,609708,2022,Network 14,74.575
989,609709,2013,Network 16,77.32499999999999
990,609709,2014,Network 16,79.65
991,609709,2015,Network 16,85.1
992,609709,2016,Network 16,90.525
993,609709,2017,Network 16,91.6
994,609709,2018,Network 16,90.625
995,609709,2019,Network 16,88.6
996,609709,2021,Network 16,73.3
997,609709,2022,Network 16,82.075
998,609710,2013,Network 17,70.575
999,609710,2014,Network 17,77.625
1000,609710,2015,Network 17,79.35
1001,609710,2016,Network 17,82.95
1002,609710,2017,Network 17,82.175
1003,609710,2018,Network 17,83.2
1004,609710,2019,Network 17,81.9
1005,609710,2021,Network 17,70.425
1006,609710,2022,Network 17,70.1
1007,609711,2013,Public,78.44999999999999
1008,609711,2014,Public,84.05
1009,609711,2015,Public,85.8
1010,609711,2016,Public,85.80000000000001
1011,609711,2017,Public,81.075
1012,609711,2018,Public,84.7
1013,609711,2019,Public,85.0
1014,609711,2021,Public,88.0
1016,609712,2013,Network 17,65.7
1017,609712,2014,Network 17,68.4
1018,609712,2015,Network 17,74.35
1019,609712,2016,Network 17,77.125
1020,609712,2017,Network 17,80.375
1021,609712,2018,Network 17,80.25
1022,609712,2019,Network 17,76.4
1023,609712,2021,Network 17,59.025000000000006
1024,609712,2022,Network 17,69.875
1025,609713,2013,Network 17,72.225
1026,609713,2014,Network 17,80.975
1027,609713,2015,Network 17,82.9
1028,609713,2016,Network 17,86.35
1029,609713,2017,Network 17,85.825
1030,609713,2018,Network 17,86.8
1031,609713,2019,Network 17,86.85
1032,609713,2021,Network 17,75.975
1033,609713,2022,Network 17,82.1
1034,609715,2013,Network 16,90.725
1035,609715,2014,Network 16,92.5
1036,609715,2015,Network 16,91.55
1037,609715,2016,Network 16,90.35
1038,609715,2017,Network 16,89.025
1039,609715,2018,Network 16,90.7
1040,609715,2019,Network 16,89.375
1041,609715,2021,Network 16,77.8
1042,609715,2022,Network 16,78.5
1043,609716,2013,Network 14,78.35
1044,609716,2014,Network 14,76.35000000000001
1045,609716,2015,Network 14,80.4
1046,609716,2016,Network 14,79.8
1047,609716,2017,Network 14,83.05000000000001
1048,609716,2018,Network 14,82.05
1049,609716,2019,Network 14,81.17500000000001
1050,609716,2021,Network 14,97.65
1051,609716,2022,Network 14,73.025
1052,609718,2013,Network 16,87.1
1053,609718,2014,Network 16,88.25
1054,609718,2015,Network 16,88.475
1055,609718,2016,Network 16,89.7
1056,609718,2017,Network 16,87.675
1057,609718,2018,Network 16,88.975
1058,609718,2019,Network 16,89.325
1059,609718,2021,Network 16,82.3
1060,609718,2022,Network 16,80.1
1061,609719,2013,Network 14,88.275
1062,609719,2014,Network 14,91.30000000000001
1063,609719,2015,Network 14,89.6
1064,609719,2016,Network 14,88.55000000000001
1065,609719,2017,Network 14,89.25
1066,609719,2018,Network 14,88.1
1067,609719,2019,Network 14,85.225
1068,609719,2021,Network 14,78.925
1069,609719,2022,Network 14,77.45
1070,609720,2013,Network 14,94.375
1071,609720,2014,Network 14,93.675
1072,609720,2015,Network 14,93.975
1073,609720,2016,Network 14,93.625
1074,609720,2017,Network 14,94.1
1075,609720,2018,Network 14,93.3
1076,609720,2019,Network 14,92.725
1077,609720,2021,Network 14,93.25
1078,609720,2022,Network 14,90.775
1079,609722,2013,Network 15,79.625
1080,609722,2014,Network 15,83.725
1081,609722,2015,Network 15,85.275
1082,609722,2016,Network 15,80.55
1083,609722,2017,Network 15,73.9
1084,609722,2018,Network 15,74.25
1085,609722,2019,Network 15,76.65
1086,609722,2021,Network 15,57.55
1087,609722,2022,Network 15,63.45
1088,609723,2013,Network 15,75.4
1089,609723,2014,Network 15,81.92500000000001
1090,609723,2015,Network 15,86.5
1091,609723,2016,Network 15,89.175
1092,609723,2017,Network 15,78.975
1093,609723,2018,Network 15,73.725
1094,609723,2019,Network 15,77.375
1095,609723,2021,Network 15,57.325
1096,609723,2022,Network 15,64.275
1097,609724,2013,Network 14,87.65
1098,609724,2014,Network 14,89.7
1099,609724,2015,Network 14,90.925
1100,609724,2016,Network 14,89.775
1101,609724,2017,Network 14,90.325
1102,609724,2018,Network 14,88.0
1103,609724,2019,Network 14,89.55
1104,609724,2021,Network 14,82.6
1105,609724,2022,Network 14,82.55
1106,609725,2013,Network 16,85.875
1107,609725,2014,Network 16,85.35
1108,609725,2015,Network 16,84.875
1109,609725,2016,Network 16,87.675
1110,609725,2017,Network 16,85.075
1111,609725,2018,Network 16,83.075
1112,609725,2019,Network 16,83.775
1113,609725,2021,Network 16,79.9
1114,609725,2022,Network 16,69.625
1115,609726,2013,ISP,88.975
1116,609726,2014,ISP,89.175
1117,609726,2015,ISP,92.05
1118,609726,2016,ISP,92.0
1119,609726,2017,ISP,90.9
1120,609726,2018,ISP,88.625
1121,609726,2019,ISP,89.175
1122,609726,2021,ISP,89.625
1123,609726,2022,ISP,85.475
1124,609727,2013,AUSL,78.175
1125,609727,2014,AUSL,83.0
1126,609727,2015,AUSL,75.775
1127,609727,2016,AUSL,81.2
1128,609727,2017,AUSL,80.25
1129,609727,2018,AUSL,83.225
1130,609727,2019,AUSL,81.4
1131,609727,2021,AUSL,58.575
1132,609727,2022,AUSL,61.075
1133,609728,2013,Network 14,85.875
1134,609728,2014,Network 14,83.675
1135,609728,2015,Network 14,86.875
1136,609728,2016,Network 14,85.625
1137,609728,2017,Network 14,86.675
1138,609728,2018,Network 14,88.875
1139,609728,2019,Network 14,89.35
1140,609728,2021,Network 14,82.625
1141,609728,2022,Network 14,79.0
1142,609729,2013,Network 14,81.775
1143,609729,2014,Network 14,85.175
1144,609729,2015,Network 14,86.5
1145,609729,2016,Network 14,85.15
1146,609729,2017,Network 14,82.25
1147,609729,2018,Network 14,85.15
1148,609729,2019,Network 14,85.875
1149,609729,2021,Network 14,77.225
1150,609729,2022,Network 14,72.425
1151,609730,2013,Network 14,90.575
1152,609730,2014,Network 14,91.35
1153,609730,2015,Network 14,92.0
1154,609730,2016,Network 14,90.25
1155,609730,2017,Network 14,88.025
1156,609730,2018,Network 14,90.175
1157,609730,2019,Network 14,89.6
1158,609730,2021,Network 14,88.0
1159,609730,2022,Network 14,82.925
1160,609732,2013,Network 14,87.45
1161,609732,2014,Network 14,88.2
1162,609732,2015,Network 14,88.44999999999999
1163,609732,2016,Network 14,86.125
1164,609732,2017,Network 14,86.55
1165,609732,2018,Network 14,86.8
1166,609732,2019,Network 14,86.45
1167,609732,2021,Network 14,77.3
1168,609732,2022,Network 14,72.475
1169,609733,2013,Network 14,80.6
1170,609733,2014,Network 14,85.225
1171,609733,2015,Network 14,89.375
1172,609733,2016,Network 14,86.775
1173,609733,2017,Network 14,86.17500000000001
1174,609733,2018,Network 14,83.95
1175,609733,2019,Network 14,85.35
1176,609733,2021,Network 14,74.6
1177,609733,2022,Network 14,77.8
1178,609734,2013,Network 14,89.85
1179,609734,2014,Network 14,89.15
1180,609734,2015,Network 14,90.525
1181,609734,2016,Network 14,90.5
1182,609734,2017,Network 14,88.6
1183,609734,2018,Network 14,89.4
1184,609734,2019,Network 14,89.25
1185,609734,2021,Network 14,86.95
1186,609734,2022,Network 14,83.575
1187,609735,2013,Network 16,75.35
1188,609735,2014,Network 16,81.475
1189,609735,2015,Network 16,80.89999999999999
1190,609735,2016,Network 16,80.875
1191,609735,2017,Network 16,80.75
1192,609735,2018,Network 16,81.55
1193,609735,2019,Network 16,81.65
1194,609735,2021,Network 16,62.025
1195,609735,2022,Network 16,69.375
1196,609736,2013,Public,71.2
1197,609736,2014,Public,73.1
1198,609736,2015,Public,87.0
1205,609737,2013,Network 14,91.575
1206,609737,2014,Network 14,92.075
1207,609737,2015,Network 14,93.2
1208,609737,2016,Network 14,93.25
1209,609737,2017,Network 14,92.625
1210,609737,2018,Network 14,93.125
1211,609737,2019,Network 14,91.5
1212,609737,2021,Network 14,88.375
1213,609737,2022,Network 14,87.375
1214,609738,2013,Network 14,87.125
1215,609738,2014,Network 14,87.525
1216,609738,2015,Network 14,90.05
1217,609738,2016,Network 14,90.275
1218,609738,2017,Network 14,90.225
1219,609738,2018,Network 14,90.85
1220,609738,2019,Network 14,89.075
1221,609738,2021,Network 14,89.475
1222,609738,2022,Network 14,83.525
1223,609739,2013,Network 17,85.125
1224,609739,2014,Network 17,86.3
1225,609739,2015,Network 17,86.7
1226,609739,2016,Network 17,87.0
1227,609739,2017,Network 17,87.8
1228,609739,2018,Network 17,88.875
1229,609739,2019,Network 17,88.375
1230,609739,2021,Network 17,80.2
1231,609739,2022,Network 17,81.15
1232,609740,2013,Network 15,80.225
1233,609740,2014,Network 15,86.25
1234,609740,2015,Network 15,88.775
1235,609740,2016,Network 15,90.625
1236,609740,2017,Network 15,88.625
1237,609740,2018,Network 15,89.7
1238,609740,2019,Network 15,86.325
1239,609740,2021,Network 15,80.625
1240,609740,2022,Network 15,74.95
1241,609741,2013,Network 16,90.95
1242,609741,2014,Network 16,91.675
1243,609741,2015,Network 16,91.875
1244,609741,2016,Network 16,91.5
1245,609741,2017,Network 16,89.825
1246,609741,2018,Network 16,90.17500000000001
1247,609741,2019,Network 16,90.05
1248,609741,2021,Network 16,87.95
1249,609741,2022,Network 16,80.45
1250,609743,2013,Public,38.25
1259,609744,2013,Network 14,90.85
1260,609744,2014,Network 14,91.45
1261,609744,2015,Network 14,92.975
1262,609744,2016,Network 14,91.8
1263,609744,2017,Network 14,91.65
1264,609744,2018,Network 14,90.975
1265,609744,2019,Network 14,91.5
1266,609744,2021,Network 14,83.25
1267,609744,2022,Network 14,85.3
1268,609745,2013,ISP,88.85
1269,609745,2014,ISP,90.05
1270,609745,2015,ISP,91.2
1271,609745,2016,ISP,88.55000000000001
1272,609745,2017,ISP,93.75
1273,609745,2018,ISP,90.4
1274,609745,2019,ISP,88.2
1275,609745,2021,ISP,80.1
1276,609745,2022,ISP,83.0
1277,609746,2013,Network 17,88.05
1278,609746,2014,Network 17,90.625
1279,609746,2015,Network 17,90.8
1280,609746,2016,Network 17,92.425
1281,609746,2017,Network 17,92.175
1282,609746,2018,Network 17,92.775
1283,609746,2019,Network 17,91.95
1284,609746,2021,Network 17,88.5
1285,609746,2022,Network 17,89.625
1286,609748,2013,Network 16,96.35
1287,609748,2014,Network 16,94.225
1288,609748,2015,Network 16,86.625
1289,609748,2016,Network 16,92.45
1290,609748,2017,Network 16,96.975
1291,609748,2018,Network 16,71.05
1292,609748,2019,Network 16,73.825
1293,609748,2021,Network 16,62.974999999999994
1294,609748,2022,Network 16,61.475
1295,609749,2013,Network 14,94.9
1296,609749,2014,Network 14,92.9
1297,609749,2015,Network 14,94.45
1298,609749,2016,Network 14,93.375
1299,609749,2017,Network 14,93.6
1300,609749,2018,Network 14,94.1
1301,609749,2019,Network 14,93.6
1302,609749,2021,Network 14,94.375
1303,609749,2022,Network 14,91.4
1304,609750,2013,Network 15,50.525
1305,609750,2014,Network 15,59.849999999999994
1306,609750,2015,Network 15,61.575
1307,609750,2016,Network 15,62.6
1308,609750,2017,Network 15,53.925
1309,609750,2018,Network 15,61.975
1310,609750,2019,Network 15,59.0
1311,609750,2021,Network 15,67.1
1312,609750,2022,Network 15,48.2
1313,609751,2013,Network 17,89.15
1314,609751,2014,Network 17,92.05
1315,609751,2015,Network 17,93.025
1316,609751,2016,Network 17,92.95
1317,609751,2017,Network 17,91.3
1318,609751,2018,Network 17,90.0
1319,609751,2019,Network 17,87.975
1320,609751,2021,Network 17,92.225
1321,609751,2022,Network 17,88.65
1322,609753,2013,ISP,92.95
1323,609753,2014,ISP,93.675
1324,609753,2015,ISP,93.45
1325,609753,2016,ISP,93.325
1326,609753,2017,ISP,93.825
1327,609753,2018,ISP,94.225
1328,609753,2019,ISP,93.275
1329,609753,2021,ISP,89.9
1330,609753,2022,ISP,90.25
1331,609754,2013,Network 17,89.75
1332,609754,2014,Network 17,89.525
1333,609754,2015,Network 17,89.15
1334,609754,2016,Network 17,93.125
1335,609754,2017,Network 17,91.65
1336,609754,2018,Network 17,92.05
1337,609754,2019,Network 17,89.675
1338,609754,2021,Network 17,84.0
1339,609754,2022,Network 17,81.0
1340,609755,2013,ISP,93.25
1341,609755,2014,ISP,94.625
1342,609755,2015,ISP,94.2
1343,609755,2016,ISP,94.825
1344,609755,2017,ISP,94.375
1345,609755,2018,ISP,95.225
1346,609755,2019,ISP,94.425
1347,609755,2021,ISP,93.15
1348,609755,2022,ISP,92.375
1349,609756,2013,Network 15,87.925
1350,609756,2014,Network 15,89.8
1351,609756,2015,Network 15,87.525
1352,609756,2016,Network 15,87.95
1353,609756,2017,Network 15,87.825
1354,609756,2018,Network 15,88.275
1355,609756,2019,Network 15,86.825
1356,609756,2021,Network 15,82.875
1357,609756,2022,Network 15,78.425
1358,609759,2013,Network 15,81.44999999999999
1359,609759,2014,Network 15,82.325
1360,609759,2015,Network 15,81.625
1361,609759,2016,Network 15,81.925
1362,609759,2017,Network 15,82.25
1363,609759,2018,Network 15,80.65
1364,609759,2019,Network 15,79.44999999999999
1365,609759,2021,Network 15,69.375
1366,609759,2022,Network 15,67.65
1367,609760,2013,Network 17,92.175
1368,609760,2014,Network 17,94.125
1369,609760,2015,Network 17,94.2
1370,609760,2016,Network 17,94.05
1371,609760,2017,Network 17,92.75
1372,609760,2018,Network 17,91.675
1373,609760,2019,Network 17,92.425
1374,609760,2021,Network 17,82.67500000000001
1375,609760,2022,Network 17,86.45
1376,609761,2013,Network 17,78.60000000000001
1377,609761,2014,Network 17,80.175
1378,609761,2015,Network 17,80.225
1379,609761,2016,Network 17,82.3
1380,609761,2017,Network 17,78.95
1381,609761,2018,Network 17,83.875
1382,609761,2019,Network 17,85.4
1383,609761,2021,Network 17,76.275
1384,609761,2022,Network 17,75.125
1385,609762,2013,Network 16,80.775
1386,609762,2014,Network 16,76.2
1387,609762,2015,Network 16,79.5
1388,609762,2016,Network 16,83.475
1389,609762,2017,Network 16,81.725
1390,609762,2018,Network 16,80.75
1391,609762,2019,Network 16,80.775
1392,609762,2021,Network 16,72.075
1393,609762,2022,Network 16,74.4
1394,609764,2013,Network 15,89.175
1395,609764,2014,Network 15,90.3
1396,609764,2015,Network 15,89.35
1397,609764,2016,Network 15,89.675
1398,609764,2017,Network 15,85.725
1399,609764,2018,Network 15,85.2
1400,609764,2019,Network 15,85.025
1401,609764,2021,Network 15,77.3
1402,609764,2022,Network 15,78.6
1403,609766,2013,Network 14,86.5
1404,609766,2014,Network 14,88.675
1405,609766,2015,Network 14,89.675
1406,609766,2016,Network 14,88.67500000000001
1407,609766,2017,Network 14,88.225
1408,609766,2018,Network 14,88.575
1409,609766,2019,Network 14,85.975
1410,609766,2021,Network 14,82.775
1411,609766,2022,Network 14,83.825
1412,609768,2013,Public,79.975
1413,609768,2014,Public,80.875
1414,609768,2015,Public,84.125
1415,609768,2016,Public,85.875
1416,609768,2017,Public,83.825
1417,609768,2018,Public,86.1
1418,609768,2019,Public,85.8
1421,609769,2013,Network 14,88.975
1422,609769,2014,Network 14,88.65
1423,609769,2015,Network 14,87.525
1424,609769,2016,Network 14,89.23333333333333
1425,609769,2017,Network 14,81.0
1426,609769,2018,Network 14,76.35
1427,609769,2019,Network 14,87.3
1428,609769,2021,Network 14,82.5
1429,609769,2022,Network 14,81.0
1432,609780,2015,Network 14,92.675
1433,609780,2016,Network 14,93.575
1434,609780,2017,Network 14,92.7
1435,609780,2018,Network 14,93.1
1436,609780,2019,Network 14,93.4
1437,609780,2021,Network 14,86.675
1438,609780,2022,Network 14,84.025
1439,609783,2013,Network 16,93.7
1440,609783,2014,Network 16,91.0
1441,609783,2015,Network 16,97.525
1442,609783,2016,Network 16,98.05
1443,609783,2017,Network 16,98.05
1444,609783,2018,Network 16,97.8
1445,609783,2019,Network 16,98.0
1446,609783,2021,Network 16,98.425
1447,609783,2022,Network 16,92.075
1492,610193,2017,Network 12,66.7
1497,610244,2013,ISP,89.85
1498,610244,2014,ISP,91.125
1499,610244,2015,ISP,90.69999999999999
1500,610244,2016,ISP,92.3
1501,610244,2017,ISP,92.825
1502,610244,2018,ISP,91.325
1503,610244,2019,ISP,89.775
1504,610244,2021,ISP,71.25
1505,610244,2022,ISP,70.925
1506,610245,2013,Network 15,79.05
1507,610245,2014,Network 15,76.1
1508,610245,2015,Network 15,78.82499999999999
1509,610245,2016,Network 15,79.0
1510,610245,2017,Network 15,79.85
1511,610245,2018,Network 15,80.7
1512,610245,2019,Network 15,82.375
1513,610245,2021,Network 15,55.575
1514,610245,2022,Network 15,77.89999999999999
1520,610282,2018,Network 3,94.4
1524,610297,2013,Public,74.75
1525,610297,2014,Public,78.0
1533,610304,2013,ISP,95.575
1534,610304,2014,ISP,95.375
1535,610304,2015,ISP,95.675
1536,610304,2016,ISP,95.325
1537,610304,2017,ISP,95.55
1538,610304,2018,ISP,94.675
1539,610304,2019,ISP,94.7
1540,610304,2021,ISP,84.725
1541,610304,2022,ISP,88.55
1542,610323,2013,Network 17,80.9
1543,610323,2014,Network 17,85.925
1544,610323,2015,Network 17,88.42500000000001
1545,610323,2016,Network 17,87.0
1546,610323,2017,Network 17,82.225
1547,610323,2018,Network 17,82.4
1548,610323,2019,Network 17,85.6
1549,610323,2021,Network 17,71.975
1550,610323,2022,Network 17,76.05
1551,610334,2013,Network 15,82.0
1552,610334,2014,Network 15,83.7
1553,610334,2015,Network 15,86.775
1554,610334,2016,Network 15,85.15
1555,610334,2017,Network 15,85.17500000000001
1556,610334,2018,Network 15,82.95
1557,610334,2019,Network 15,80.65
1558,610334,2021,Network 15,66.95
1559,610334,2022,Network 15,66.425
1560,610340,2013,AUSL,92.625
1561,610340,2014,AUSL,93.025
1562,610340,2015,AUSL,91.3
1563,610340,2016,AUSL,93.05
1564,610340,2017,AUSL,92.3
1565,610340,2018,AUSL,92.925
1566,610340,2019,AUSL,93.45
1567,610340,2021,AUSL,94.025
1568,610340,2022,AUSL,90.25
1569,610357,2013,Network 16,90.3
1570,610357,2014,Network 16,89.65
1571,610357,2015,Network 16,85.875
1572,610357,2016,Network 16,90.1
1573,610357,2017,Network 16,85.85
1574,610357,2018,Network 16,88.675
1575,610357,2019,Network 16,82.975
1576,610357,2021,Network 16,60.15
1577,610357,2022,Network 16,64.575
1578,610374,2013,Public,75.1
1587,610375,2013,Public,36.550000000000004
1596,610378,2013,Public,55.6
1605,610380,2013,Network 17,89.325
1606,610380,2014,Network 17,88.525
1607,610380,2015,Network 17,90.0
1608,610380,2016,Network 17,88.475
1609,610380,2017,Network 17,86.9
1610,610380,2018,Network 17,86.425
1611,610380,2019,Network 17,84.35
1612,610380,2021,Network 17,79.925
1613,610380,2022,Network 17,82.125
1614,610381,2013,Network 17,88.05
1615,610381,2014,Network 17,86.32499999999999
1616,610381,2015,Network 17,87.75
1617,610381,2016,Network 17,87.4
1618,610381,2017,Network 17,88.9
1619,610381,2018,Network 17,82.6
1620,610381,2019,Network 17,84.65
1621,610381,2021,Network 17,84.075
1622,610381,2022,Network 17,84.925
1623,610383,2013,Network 15,91.925
1624,610383,2014,Network 15,91.475
1625,610383,2015,Network 15,91.9
1626,610383,2016,Network 15,90.0
1627,610383,2017,Network 15,89.32499999999999
1628,610383,2018,Network 15,90.15
1629,610383,2019,Network 15,86.3
1630,610383,2021,Network 15,77.4
1631,610383,2022,Network 15,75.1
1632,610384,2013,ISP,93.375
1633,610384,2014,ISP,92.525
1634,610384,2015,ISP,91.9
1635,610384,2016,ISP,93.4
1636,610384,2017,ISP,92.55
1637,610384,2018,ISP,93.075
1638,610384,2019,ISP,92.15
1639,610384,2021,ISP,86.825
1640,610384,2022,ISP,89.425
1641,610385,2013,Network 15,91.075
1642,610385,2014,Network 15,88.77499999999999
1643,610385,2015,Network 15,89.075
1644,610385,2016,Network 15,85.975
1645,610385,2017,Network 15,83.875
1646,610385,2018,Network 15,89.175
1647,610385,2019,Network 15,85.95
1648,610385,2021,Network 15,98.95
1649,610385,2022,Network 15,72.0
1650,610386,2013,ISP,87.26666666666667
1651,610386,2014,ISP,87.26666666666667
1652,610386,2015,ISP,86.2
1653,610386,2016,ISP,86.56666666666666
1654,610386,2017,ISP,82.25
1655,610386,2018,ISP,84.925
1656,610386,2019,ISP,85.39999999999999
1657,610386,2021,ISP,74.03333333333335
1658,610386,2022,ISP,78.10000000000001
1659,610389,2013,AUSL,73.125
1660,610389,2014,AUSL,72.075
1661,610389,2015,AUSL,77.25
1662,610389,2016,AUSL,74.25
1663,610389,2017,AUSL,62.15
1664,610389,2018,AUSL,73.575
1665,610389,2019,AUSL,72.55
1666,610389,2021,AUSL,58.95
1667,610389,2022,AUSL,71.2
1668,610390,2013,ISP,92.15
1669,610390,2014,ISP,92.325
1670,610390,2015,ISP,92.225
1671,610390,2016,ISP,92.575
1672,610390,2017,ISP,90.025
1673,610390,2018,ISP,91.35
1674,610390,2019,ISP,90.15
1675,610390,2021,ISP,84.125
1676,610390,2022,ISP,86.5
1677,610391,2013,Network 16,91.975
1678,610391,2014,Network 16,92.55
1679,610391,2015,Network 16,92.25
1680,610391,2016,Network 16,92.15
1681,610391,2017,Network 16,90.6
1682,610391,2018,Network 16,90.725
1683,610391,2019,Network 16,90.5
1684,610391,2021,Network 16,86.35
1685,610391,2022,Network 16,86.9
1686,610392,2013,Network 15,93.5
1687,610392,2014,Network 15,93.375
1688,610392,2015,Network 15,92.45
1689,610392,2016,Network 15,93.1
1690,610392,2017,Network 15,90.575
1691,610392,2018,Network 15,91.4
1692,610392,2019,Network 15,90.15
1693,610392,2021,Network 15,86.1
1694,610392,2022,Network 15,86.4
1695,610394,2013,Network 14,86.475
1696,610394,2014,Network 14,88.275
1697,610394,2015,Network 14,90.3
1698,610394,2016,Network 14,89.75
1699,610394,2017,Network 14,86.65
1700,610394,2018,Network 14,84.5
1701,610394,2019,Network 14,85.69999999999999
1702,610394,2021,Network 14,66.4
1703,610394,2022,Network 14,75.325
1704,610401,2013,Public,71.1
1713,610402,2013,Network 14,96.65
1714,610402,2014,Network 14,94.0
1715,610402,2015,Network 14,95.3
1716,610402,2016,Network 14,96.05
1717,610402,2017,Network 14,95.6
1718,610402,2018,Network 14,95.1
1719,610402,2019,Network 14,94.1
1720,610402,2021,Network 14,93.7
1721,610402,2022,Network 14,91.55000000000001
1722,610499,2013,AUSL,78.575
1723,610499,2014,AUSL,79.025
1724,610499,2015,AUSL,78.8
1725,610499,2016,AUSL,80.65
1726,610499,2017,AUSL,83.075
1727,610499,2018,AUSL,85.75
1728,610499,2019,AUSL,81.975
1729,610499,2021,AUSL,65.975
1730,610499,2022,AUSL,75.95
1731,610501,2013,Public,76.375
1732,610501,2014,Public,83.075
1733,610501,2015,Public,85.75
1734,610501,2016,Public,82.65
1740,610502,2013,Public,91.8
1741,610502,2014,Public,90.9
1749,610506,2013,Public,85.825
1750,610506,2014,Public,87.025
1751,610506,2015,Public,88.025
1752,610506,2016,Public,76.55
1753,610506,2017,Public,67.1
1754,610506,2018,Public,69.875
1758,610513,2013,Network 16,89.6
1759,610513,2014,Network 16,92.225
1760,610513,2015,Network 16,92.05
1761,610513,2016,Network 16,91.325
1762,610513,2017,Network 16,89.225
1763,610513,2018,Network 16,91.625
1764,610513,2019,Network 16,92.15
1765,610513,2021,Network 16,90.15
1766,610513,2022,Network 16,85.825
1767,610518,2013,Network 15,79.825
1768,610518,2014,Network 15,80.525
1769,610518,2015,Network 15,85.025
1770,610518,2016,Network 15,81.225
1771,610518,2017,Network 15,85.55
1772,610518,2018,Network 15,87.075
1773,610518,2019,Network 15,79.475
1774,610518,2021,Network 15,41.35
1775,610518,2022,Network 15,65.1
1776,610524,2013,Network 15,90.85
1777,610524,2014,Network 15,88.30000000000001
1778,610524,2015,Network 15,90.85
1779,610524,2016,Network 15,91.125
1780,610524,2017,Network 15,88.275
1781,610524,2018,Network 15,90.6
1782,610524,2019,Network 15,90.725
1783,610524,2021,Network 15,80.275
1784,610524,2022,Network 15,83.9
1785,610529,2013,Network 15,89.85
1786,610529,2014,Network 15,89.525
1787,610529,2015,Network 15,91.925
1788,610529,2016,Network 15,92.8
1789,610529,2017,Network 15,92.775
1790,610529,2018,Network 15,93.325
1791,610529,2019,Network 15,90.275
1792,610529,2021,Network 15,84.875
1793,610529,2022,Network 15,82.65
1794,610535,2013,Public,90.85
1803,610543,2013,AUSL,91.7
1804,610543,2014,AUSL,93.175
1805,610543,2015,AUSL,93.725
1806,610543,2016,AUSL,94.45
1807,610543,2017,AUSL,94.1
1808,610543,2018,AUSL,93.975
1809,610543,2019,AUSL,94.1
1810,610543,2021,AUSL,83.625
1811,610543,2022,AUSL,87.575
1812,610547,2013,Network 17,89.44999999999999
1813,610547,2014,Network 17,90.8
1814,610547,2015,Network 17,88.05
1815,610547,2016,Network 17,90.075
1816,610547,2017,Network 17,89.8
1817,610547,2018,Network 17,90.525
1818,610547,2019,Network 17,88.925
1819,610547,2021,Network 17,77.7
1820,610547,2022,Network 17,78.9
1821,610550,2013,Public,67.75
1830,610552,2013,Public,72.875
1839,610554,2013,Public,74.9
1848,610555,2013,Public,88.95
1849,610555,2014,Public,76.975
1850,610555,2015,Public,79.3
1852,610555,2017,Public,56.05
1857,610556,2013,Public,78.75
1866,610557,2013,Options,86.66666666666667
1867,610557,2014,Options,70.95
1868,610557,2015,Options,83.95
1869,610557,2016,Options,45.2
1870,610557,2017,Options,48.45
1871,610557,2018,Options,69.15
1872,610557,2019,Options,72.325
1873,610557,2021,Options,67.6
1874,610557,2022,Options,53.825
1875,610558,2013,Network 16,95.3
1876,610558,2014,Network 16,94.05
1877,610558,2015,Network 16,92.76666666666667
1878,610558,2016,Network 16,91.4
1879,610558,2017,Network 16,89.25
1880,610558,2018,Network 16,89.125
1881,610558,2019,Network 16,87.475
1882,610558,2021,Network 16,84.4
1883,610558,2022,Network 16,84.225
1885,610561,2014,Network 15,94.3
1886,610561,2015,Network 15,93.15
1887,610561,2016,Network 15,95.0
1888,610561,2017,Network 15,90.425
1889,610561,2018,Network 15,91.95
1890,610561,2019,Network 15,84.32499999999999
1891,610561,2021,Network 15,73.1
1892,610561,2022,Network 15,74.325
1894,610563,2014,ISP,95.8
1895,610563,2015,ISP,96.6
1896,610563,2016,ISP,95.96666666666665
1897,610563,2017,ISP,94.0
1898,610563,2018,ISP,93.25
1899,610563,2019,ISP,91.35
1900,610563,2021,ISP,86.9
1901,610563,2022,ISP,84.35
1903,610564,2014,Network 14,92.3
1904,610564,2015,Network 14,90.80000000000001
1905,610564,2016,Network 14,89.60000000000001
1906,610564,2017,Network 14,86.67500000000001
1907,610564,2018,Network 14,88.15
1908,610564,2019,Network 14,88.125
1909,610564,2021,Network 14,86.875
1910,610564,2022,Network 14,82.55
1912,610565,2014,Options,61.6
1913,610565,2015,Options,69.05
1914,610565,2016,Options,76.275
1915,610565,2017,Options,71.925
1916,610565,2018,Options,72.0
1917,610565,2019,Options,71.17500000000001
1918,610565,2021,Options,68.625
1919,610565,2022,Options,75.325
1921,610566,2014,Public,46.65
1922,610566,2015,Public,63.925
1923,610566,2016,Public,71.8
1924,610566,2017,Public,56.275
1925,610566,2018,Public,65.1
1926,610566,2019,Public,62.574999999999996
1930,610567,2014,Public,74.375
1931,610567,2015,Public,61.95
1933,610567,2017,Public,51.125
1934,610567,2018,Public,52.325
1935,610567,2019,Public,56.575
1939,610568,2014,Options,73.275
1940,610568,2015,Options,77.35
1941,610568,2016,Options,36.625
1942,610568,2017,Options,49.35
1943,610568,2018,Options,76.825
1944,610568,2019,Options,79.9
1945,610568,2021,Options,75.05
1946,610568,2022,Options,52.2
1948,610569,2014,Options,57.5
1949,610569,2015,Options,56.775
1950,610569,2016,Options,45.45
1951,610569,2017,Options,45.85
1952,610569,2018,Options,51.4
1953,610569,2019,Options,64.35
1954,610569,2021,Options,58.9
1955,610569,2022,Options,61.775
1958,610570,2015,Options,52.75
1959,610570,2016,Options,55.2
1960,610570,2017,Options,56.125
1961,610570,2018,Options,58.650000000000006
1962,610570,2019,Options,54.975
1963,610570,2021,Options,51.0
1964,610570,2022,Options,38.125
1966,610571,2014,Options,40.05
1967,610571,2015,Options,47.95
1968,610571,2016,Options,46.5
1969,610571,2017,Options,48.825
1970,610571,2018,Options,50.975
1971,610571,2019,Options,54.975
1972,610571,2021,Options,49.1
1973,610571,2022,Options,40.375
1975,610573,2014,Options,69.85
1976,610573,2015,Options,62.5
1977,610573,2016,Options,72.47500000000001
1978,610573,2017,Options,64.525
1979,610573,2018,Options,57.025
1980,610573,2019,Options,67.8
1982,610573,2022,Options,80.9
1984,610574,2014,Public,37.4
1985,610574,2015,Public,49.325
1994,610580,2015,Public,52.025
1995,610580,2016,Public,56.1
1996,610580,2017,Public,51.925
1997,610580,2018,Public,53.45
1998,610580,2019,Public,52.575
2004,610581,2016,Public,60.675
2005,610581,2017,Public,62.75
2006,610581,2018,Public,59.625
2007,610581,2019,Public,72.7
2012,610582,2015,Public,59.95
2013,610582,2016,Public,76.025
2014,610582,2017,Public,46.1
2022,610585,2016,Public,70.775
2023,610585,2017,Public,81.125
2032,610587,2017,Network 17,92.5
2033,610587,2018,Network 17,92.0
2034,610587,2019,Network 17,92.06666666666668
2035,610587,2021,Network 17,79.05
2036,610587,2022,Network 17,83.75
2044,610592,2021,Network 16,70.8
2045,610592,2022,Network 16,68.63333333333334
2053,610593,2021,Options,46.150000000000006
2054,610593,2022,Options,51.025
2062,610594,2021,Options,63.325
2063,610594,2022,Options,49.474999999999994
